--
-- PostgreSQL database dump
--

\restrict hmtMbAwdbEr726yNBQUgQGF5ReHa45mVkkb4eHeEKevMPvCDb0i2OysOxaT0Q1D

-- Dumped from database version 15.14 (Debian 15.14-1.pgdg13+1)
-- Dumped by pg_dump version 15.14 (Debian 15.14-1.pgdg13+1)

SET statement_timeout = 0;
SET lock_timeout = 0;
SET idle_in_transaction_session_timeout = 0;
SET client_encoding = 'UTF8';
SET standard_conforming_strings = on;
SELECT pg_catalog.set_config('search_path', '', false);
SET check_function_bodies = false;
SET xmloption = content;
SET client_min_messages = warning;
SET row_security = off;

--
-- Name: taskpriority; Type: TYPE; Schema: public; Owner: postgres
--

CREATE TYPE public.taskpriority AS ENUM (
    'BAJA',
    'MEDIA',
    'ALTA',
    'CRITICA'
);


ALTER TYPE public.taskpriority OWNER TO postgres;

--
-- Name: taskstatus; Type: TYPE; Schema: public; Owner: postgres
--

CREATE TYPE public.taskstatus AS ENUM (
    'PENDIENTE',
    'EN_PROGRESO',
    'COMPLETADA',
    'CANCELADA'
);


ALTER TYPE public.taskstatus OWNER TO postgres;

--
-- Name: userrole; Type: TYPE; Schema: public; Owner: postgres
--

CREATE TYPE public.userrole AS ENUM (
    'ADMIN',
    'MANAGER',
    'USER'
);


ALTER TYPE public.userrole OWNER TO postgres;

SET default_tablespace = '';

SET default_table_access_method = heap;

--
-- Name: alembic_version; Type: TABLE; Schema: public; Owner: postgres
--

CREATE TABLE public.alembic_version (
    version_num character varying(32) NOT NULL
);


ALTER TABLE public.alembic_version OWNER TO postgres;

--
-- Name: companies; Type: TABLE; Schema: public; Owner: postgres
--

CREATE TABLE public.companies (
    id integer NOT NULL,
    name character varying(100) NOT NULL,
    description text,
    is_active boolean,
    custom_fields_config json,
    created_at timestamp with time zone DEFAULT now(),
    updated_at timestamp with time zone
);


ALTER TABLE public.companies OWNER TO postgres;

--
-- Name: companies_id_seq; Type: SEQUENCE; Schema: public; Owner: postgres
--

CREATE SEQUENCE public.companies_id_seq
    AS integer
    START WITH 1
    INCREMENT BY 1
    NO MINVALUE
    NO MAXVALUE
    CACHE 1;


ALTER TABLE public.companies_id_seq OWNER TO postgres;

--
-- Name: companies_id_seq; Type: SEQUENCE OWNED BY; Schema: public; Owner: postgres
--

ALTER SEQUENCE public.companies_id_seq OWNED BY public.companies.id;


--
-- Name: tasks; Type: TABLE; Schema: public; Owner: postgres
--

CREATE TABLE public.tasks (
    id integer NOT NULL,
    title character varying(200) NOT NULL,
    description text,
    status public.taskstatus,
    priority public.taskpriority,
    due_date timestamp with time zone,
    completed_at timestamp with time zone,
    company_id integer NOT NULL,
    assigned_to integer,
    created_by integer NOT NULL,
    custom_fields json,
    created_at timestamp with time zone DEFAULT now(),
    updated_at timestamp with time zone
);


ALTER TABLE public.tasks OWNER TO postgres;

--
-- Name: tasks_id_seq; Type: SEQUENCE; Schema: public; Owner: postgres
--

CREATE SEQUENCE public.tasks_id_seq
    AS integer
    START WITH 1
    INCREMENT BY 1
    NO MINVALUE
    NO MAXVALUE
    CACHE 1;


ALTER TABLE public.tasks_id_seq OWNER TO postgres;

--
-- Name: tasks_id_seq; Type: SEQUENCE OWNED BY; Schema: public; Owner: postgres
--

ALTER SEQUENCE public.tasks_id_seq OWNED BY public.tasks.id;


--
-- Name: users; Type: TABLE; Schema: public; Owner: postgres
--

CREATE TABLE public.users (
    id integer NOT NULL,
    email character varying(100) NOT NULL,
    username character varying(50) NOT NULL,
    full_name character varying(100) NOT NULL,
    hashed_password character varying(255) NOT NULL,
    role public.userrole,
    is_active boolean,
    company_id integer NOT NULL,
    created_at timestamp with time zone DEFAULT now(),
    updated_at timestamp with time zone
);


ALTER TABLE public.users OWNER TO postgres;

--
-- Name: users_id_seq; Type: SEQUENCE; Schema: public; Owner: postgres
--

CREATE SEQUENCE public.users_id_seq
    AS integer
    START WITH 1
    INCREMENT BY 1
    NO MINVALUE
    NO MAXVALUE
    CACHE 1;


ALTER TABLE public.users_id_seq OWNER TO postgres;

--
-- Name: users_id_seq; Type: SEQUENCE OWNED BY; Schema: public; Owner: postgres
--

ALTER SEQUENCE public.users_id_seq OWNED BY public.users.id;


--
-- Name: companies id; Type: DEFAULT; Schema: public; Owner: postgres
--

ALTER TABLE ONLY public.companies ALTER COLUMN id SET DEFAULT nextval('public.companies_id_seq'::regclass);


--
-- Name: tasks id; Type: DEFAULT; Schema: public; Owner: postgres
--

ALTER TABLE ONLY public.tasks ALTER COLUMN id SET DEFAULT nextval('public.tasks_id_seq'::regclass);


--
-- Name: users id; Type: DEFAULT; Schema: public; Owner: postgres
--

ALTER TABLE ONLY public.users ALTER COLUMN id SET DEFAULT nextval('public.users_id_seq'::regclass);


--
-- Data for Name: alembic_version; Type: TABLE DATA; Schema: public; Owner: postgres
--

COPY public.alembic_version (version_num) FROM stdin;
156f853a970e
\.


--
-- Data for Name: companies; Type: TABLE DATA; Schema: public; Owner: postgres
--

COPY public.companies (id, name, description, is_active, custom_fields_config, created_at, updated_at) FROM stdin;
1	EMPRESA PRINCIPAL	Empresa principal del sistema - completamente configurable	t	[{"name": "nit", "label": "NIT", "field_type": "text", "required": false, "placeholder": "Ingrese el NIT de la empresa", "help_text": "N\\u00famero de identificaci\\u00f3n tributaria"}, {"name": "programa", "label": "Programa", "field_type": "select", "required": false, "options": ["Programa Estilo de Vida Saludable", "Programa Seguridad Vial", "Programa SGSST-ILO"], "help_text": "Seleccione el programa correspondiente"}, {"name": "componente", "label": "Componente", "field_type": "select", "required": false, "options": ["Formaci\\u00f3n", "Estandarizaci\\u00f3n", "Diagn\\u00f3stico", "Verificaci\\u00f3n"], "help_text": "Componente del programa"}, {"name": "tipo_actividad", "label": "Tipo de Actividad", "field_type": "select", "required": false, "options": ["Capacitaci\\u00f3n", "Asesor\\u00eda", "Diagn\\u00f3stico", "Verificaci\\u00f3n"], "help_text": "Tipo de actividad a realizar"}, {"name": "ciudad_desarrollo", "label": "Ciudad de Desarrollo", "field_type": "text", "required": false, "placeholder": "Ciudad donde se desarrolla la actividad", "help_text": "Ciudad o ubicaci\\u00f3n donde se realizar\\u00e1 la actividad"}, {"name": "horas_asignadas", "label": "Horas Asignadas", "field_type": "number", "required": false, "placeholder": "0", "help_text": "N\\u00famero de horas asignadas para la actividad"}, {"name": "fecha_final", "label": "Fecha Final", "field_type": "date", "required": false, "help_text": "Fecha l\\u00edmite para completar la actividad"}, {"name": "responsable", "label": "Responsable", "field_type": "text", "required": false, "placeholder": "Nombre del responsable", "help_text": "Persona responsable de la actividad"}, {"name": "observaciones", "label": "Observaciones", "field_type": "textarea", "required": false, "placeholder": "Observaciones adicionales...", "help_text": "Cualquier observaci\\u00f3n o comentario adicional"}]	2025-09-16 03:49:45.29853+00	\N
2	ARL EJEMPLO	Empresa ARL de ejemplo con campos específicos	t	[{"name": "nit", "label": "NIT", "field_type": "text", "required": true, "placeholder": "NIT de la empresa", "help_text": "N\\u00famero de identificaci\\u00f3n tributaria"}, {"name": "linea", "label": "L\\u00ednea de Trabajo", "field_type": "select", "required": true, "options": ["L\\u00ednea Prevenci\\u00f3n y Gesti\\u00f3n del ATEL", "L\\u00ednea Acompa\\u00f1amiento Legal y de Gesti\\u00f3n"], "help_text": "L\\u00ednea de trabajo espec\\u00edfica"}, {"name": "programa", "label": "Programa", "field_type": "select", "required": true, "options": ["Programa Estilo de Vida Saludable", "Programa Seguridad Vial", "Programa SGSST-ILO"], "help_text": "Programa espec\\u00edfico"}, {"name": "tipo_actividad", "label": "Tipo de Actividad", "field_type": "select", "required": true, "options": ["Capacitaci\\u00f3n", "Asesor\\u00eda"], "help_text": "Tipo de actividad"}, {"name": "horas_asignadas", "label": "Horas Asignadas", "field_type": "number", "required": true, "placeholder": "0", "help_text": "Horas asignadas"}, {"name": "asesor_asignado", "label": "Asesor Asignado", "field_type": "text", "required": false, "placeholder": "Nombre del asesor", "help_text": "Asesor responsable"}]	2025-09-16 03:49:45.308764+00	\N
3	CONSTRUCTORA EJEMPLO	Empresa constructora de ejemplo	t	[{"name": "proyecto", "label": "Proyecto", "field_type": "text", "required": true, "placeholder": "Nombre del proyecto", "help_text": "Nombre del proyecto de construcci\\u00f3n"}, {"name": "ubicacion", "label": "Ubicaci\\u00f3n", "field_type": "text", "required": true, "placeholder": "Ciudad, direcci\\u00f3n", "help_text": "Ubicaci\\u00f3n del proyecto"}, {"name": "tipo_trabajo", "label": "Tipo de Trabajo", "field_type": "select", "required": true, "options": ["Excavaci\\u00f3n", "Estructura", "Acabados", "Instalaciones"], "help_text": "Tipo de trabajo a realizar"}, {"name": "presupuesto", "label": "Presupuesto", "field_type": "number", "required": false, "placeholder": "0", "help_text": "Presupuesto asignado"}, {"name": "fecha_inicio", "label": "Fecha de Inicio", "field_type": "date", "required": true, "help_text": "Fecha de inicio del trabajo"}, {"name": "supervisor", "label": "Supervisor", "field_type": "text", "required": true, "placeholder": "Nombre del supervisor", "help_text": "Supervisor responsable"}]	2025-09-16 03:49:45.308764+00	\N
4	COLMENA ARL	Compañía de seguros Colmena ARL - Datos importados desde Excel	t	[{"name": "empresa", "label": "Empresa", "field_type": "text", "required": false, "placeholder": "Nombre de la empresa", "help_text": "Nombre de la empresa cliente"}, {"name": "nit", "label": "NIT", "field_type": "text", "required": false, "placeholder": "NIT de la empresa", "help_text": "N\\u00famero de identificaci\\u00f3n tributaria"}, {"name": "linea", "label": "L\\u00ednea", "field_type": "select", "required": false, "options": ["L\\u00ednea Prevenci\\u00f3n y Gesti\\u00f3n del ATEL", "L\\u00ednea Acompa\\u00f1amiento Legal y de Gesti\\u00f3n"], "help_text": "L\\u00ednea de trabajo espec\\u00edfica"}, {"name": "programa", "label": "Programa", "field_type": "select", "required": false, "options": ["Programa Estilo de Vida Saludable", "Programa Seguridad Vial", "Programa SGSST-ILO", "Programa Construcci\\u00f3n Libre de Riesgo", "Sistema Vigilancia Epidemiol\\u00f3gica Conservaci\\u00f3n Respiratoria", "Programa Atenea", "Sistema Vigilancia Epidemiol\\u00f3gica Conservaci\\u00f3n Auditiva"], "help_text": "Programa espec\\u00edfico"}, {"name": "componente", "label": "Componente", "field_type": "select", "required": false, "options": ["Formaci\\u00f3n", "Estandarizaci\\u00f3n", "Entendimiento", "Diagn\\u00f3stico", "Verificaci\\u00f3n", "Estandarizacion"], "help_text": "Componente del programa"}, {"name": "actividad", "label": "Actividad", "field_type": "text", "required": false, "placeholder": "Tipo de actividad", "help_text": "Tipo de actividad a realizar"}, {"name": "ciudad_desarrollo", "label": "Ciudad de Desarrollo", "field_type": "text", "required": false, "placeholder": "Ciudad donde se desarrolla", "help_text": "Ciudad o ubicaci\\u00f3n donde se realizar\\u00e1 la actividad"}, {"name": "detalle_actividad", "label": "Detalle de Actividad", "field_type": "textarea", "required": false, "placeholder": "Detalle espec\\u00edfico de la actividad", "help_text": "Descripci\\u00f3n detallada de la actividad"}, {"name": "entregables", "label": "Entregables", "field_type": "textarea", "required": false, "placeholder": "Entregables esperados", "help_text": "Lista de entregables esperados"}, {"name": "tipo_actividad", "label": "Tipo de Actividad", "field_type": "select", "required": false, "options": ["Capacitaci\\u00f3n", "Asesor\\u00eda"], "help_text": "Tipo de actividad"}, {"name": "nro_os", "label": "Nro. OS", "field_type": "text", "required": false, "placeholder": "N\\u00famero de orden de servicio", "help_text": "N\\u00famero de orden de servicio"}, {"name": "fecha_final", "label": "Fecha Final", "field_type": "date", "required": false, "help_text": "Fecha final de ejecuci\\u00f3n"}, {"name": "horas_asignadas", "label": "Horas Asignadas", "field_type": "number", "required": false, "placeholder": "0", "help_text": "N\\u00famero de horas asignadas"}, {"name": "horas_pendientes", "label": "Horas Pendientes", "field_type": "number", "required": false, "placeholder": "0", "help_text": "Horas pendientes por ejecutar"}, {"name": "dis_responsable", "label": "DIS y/o Responsable ARL", "field_type": "text", "required": false, "placeholder": "Nombre del responsable", "help_text": "DIS y/o responsable ARL"}, {"name": "asesor_asignado", "label": "Asesor Asignado", "field_type": "text", "required": false, "placeholder": "Nombre del asesor", "help_text": "Asesor asignado"}, {"name": "fecha_asignacion", "label": "Fecha de Asignaci\\u00f3n", "field_type": "date", "required": false, "help_text": "Fecha de asignaci\\u00f3n"}, {"name": "observaciones", "label": "Observaciones", "field_type": "textarea", "required": false, "placeholder": "Observaciones adicionales", "help_text": "Observaciones adicionales"}]	2025-09-16 03:49:49.18591+00	2025-09-19 16:24:10.392058+00
5	POSITIVA ARL	Compañía de seguros Positiva ARL - Datos importados desde Excel	t	[{"name": "empresa", "label": "Empresa", "field_type": "text", "required": false, "placeholder": "Nombre de la empresa", "help_text": "Nombre de la empresa cliente"}, {"name": "nit", "label": "NIT", "field_type": "text", "required": false, "placeholder": "NIT de la empresa", "help_text": "N\\u00famero de identificaci\\u00f3n tributaria"}, {"name": "codigo", "label": "C\\u00f3digo", "field_type": "text", "required": false, "placeholder": "C\\u00f3digo de la actividad", "help_text": "C\\u00f3digo de la actividad"}, {"name": "actividad", "label": "Actividad", "field_type": "text", "required": false, "placeholder": "Tipo de actividad", "help_text": "Tipo de actividad a realizar"}, {"name": "no_aut", "label": "No. Aut", "field_type": "text", "required": false, "placeholder": "N\\u00famero de autorizaci\\u00f3n", "help_text": "N\\u00famero de autorizaci\\u00f3n"}, {"name": "id_actividad", "label": "Id Actividad", "field_type": "text", "required": false, "placeholder": "ID de la actividad", "help_text": "ID de la actividad"}, {"name": "fecha_autorizacion", "label": "Fecha de Autorizaci\\u00f3n", "field_type": "date", "required": false, "help_text": "Fecha de autorizaci\\u00f3n"}, {"name": "fecha_maxima_ejecucion", "label": "Fecha M\\u00e1xima de Ejecuci\\u00f3n", "field_type": "date", "required": false, "help_text": "Fecha m\\u00e1xima de ejecuci\\u00f3n"}, {"name": "mes", "label": "Mes", "field_type": "text", "required": false, "placeholder": "Mes de ejecuci\\u00f3n", "help_text": "Mes de ejecuci\\u00f3n"}, {"name": "horas_asignadas", "label": "Horas Asignadas", "field_type": "number", "required": false, "placeholder": "0", "help_text": "N\\u00famero de horas asignadas"}, {"name": "pendientes_registrar_app", "label": "Pendientes por Registrar desde App", "field_type": "number", "required": false, "placeholder": "0", "help_text": "Pendientes por registrar desde app"}, {"name": "eis", "label": "EIS", "field_type": "text", "required": false, "placeholder": "EIS responsable", "help_text": "EIS responsable"}, {"name": "asesor", "label": "Asesor", "field_type": "text", "required": false, "placeholder": "Nombre del asesor", "help_text": "Asesor responsable"}, {"name": "fecha_asignacion", "label": "Fecha de Asignaci\\u00f3n", "field_type": "date", "required": false, "help_text": "Fecha de asignaci\\u00f3n"}, {"name": "estado_detallado", "label": "Estado Detallado", "field_type": "select", "required": false, "options": ["Sin Programar", "Programada", "En Progreso", "Completada"], "help_text": "Estado detallado de la actividad"}, {"name": "observaciones", "label": "Observaciones", "field_type": "textarea", "required": false, "placeholder": "Observaciones adicionales", "help_text": "Observaciones adicionales"}]	2025-09-16 03:49:49.190122+00	2025-09-19 16:24:10.392058+00
\.


--
-- Data for Name: tasks; Type: TABLE DATA; Schema: public; Owner: postgres
--

COPY public.tasks (id, title, description, status, priority, due_date, completed_at, company_id, assigned_to, created_by, custom_fields, created_at, updated_at) FROM stdin;
33	Capacitación Introducción a la seguridad vial Legal y Técnico	Capacitación Introducción a la seguridad vial Legal y Técnico	PENDIENTE	MEDIA	2025-12-05 00:00:00+00	\N	4	2	1	{"nit": "901776348.0", "linea": "L\\u00ednea Prevenci\\u00f3n y Gesti\\u00f3n del ATEL", "programa": "Programa Seguridad Vial", "componente": "Formaci\\u00f3n", "actividad": "Capacitaci\\u00f3n Introducci\\u00f3n a la seguridad vial Legal y T\\u00e9cnico", "ciudad_desarrollo": "Manizales", "detalle_actividad": "Capacitaci\\u00f3n Introducci\\u00f3n a la seguridad vial Legal y T\\u00e9cnico", "entregables": "Informe de Prestaci\\u00f3n de Servicios / Registro de Asistencia Capacitaci\\u00f3n / Evaluaci\\u00f3n Sesi\\u00f3n de Capacitaci\\u00f3n", "tipo_actividad": "Capacitaci\\u00f3n", "nro_os": "1662014.0", "horas_asignadas": 4, "horas_pendientes": 2, "dis_responsable": "Alejandra Tellez", "asesor_asignado": "Maria Jos\\u00e9", "observaciones": "Sep 9(2H) / FACTURADA(2H-20/05/2025)", "fecha_final": "2025-12-05T00:00:00", "fecha_asignacion": "2025-03-14T00:00:00", "empresa": "HACEMOS BUENOS MOMENTOS S.A.S."}	2025-09-16 03:49:49.515411+00	2025-09-19 16:24:44.005664+00
34	Asesoría en medicina preventiva y del trabajo	Asesoría en el Programa de Rehabilitación integral empresarial para la reincorporación laboral, incluyendo la gestión y seguimiento de Casos ATEL de los diferentes roles involucrados que por criterios técnicos de inclusión se encuentran capturados en el programa de rehabilitación integral de Colmena, su rehabilitación, reincorporación y cierre, hasta la definición de planes de mejora concretos del programa que permitan la retroalimentación sistemática de información en un ciclo de mejora continua para todos los actores que hacemos parte del programa.	PENDIENTE	MEDIA	2025-11-30 00:00:00+00	\N	4	19	1	{"nit": "900524531.0", "linea": "L\\u00ednea Prevenci\\u00f3n y Gesti\\u00f3n del ATEL", "programa": "Programa Estilo de Vida Saludable", "componente": "Estandarizaci\\u00f3n", "actividad": "Asesor\\u00eda en medicina preventiva y del trabajo", "ciudad_desarrollo": "Manizales", "detalle_actividad": "Asesor\\u00eda en el Programa de Rehabilitaci\\u00f3n integral empresarial para la reincorporaci\\u00f3n laboral, incluyendo la gesti\\u00f3n y seguimiento de Casos ATEL de los diferentes roles involucrados que por criterios t\\u00e9cnicos de inclusi\\u00f3n se encuentran capturados en el programa de rehabilitaci\\u00f3n integral de Colmena, su rehabilitaci\\u00f3n, reincorporaci\\u00f3n y cierre, hasta la definici\\u00f3n de planes de mejora concretos del programa que permitan la retroalimentaci\\u00f3n sistem\\u00e1tica de informaci\\u00f3n en un ciclo de mejora continua para todos los actores que hacemos parte del programa.", "entregables": "Informe de Prestaci\\u00f3n de Servicios / Informe Tipo A (por cada asesor\\u00eda realizada)", "tipo_actividad": "Asesor\\u00eda", "nro_os": "1669125.0", "horas_asignadas": 6, "horas_pendientes": 4, "dis_responsable": "Omar David Loaiza", "asesor_asignado": "Gisela", "observaciones": "Ago 6(2H) / CORREGIDA(2H-28/07/2025)", "fecha_final": "2025-11-30T00:00:00", "fecha_asignacion": "2025-03-20T00:00:00", "empresa": "INDUSTRIAS MAVILTEX"}	2025-09-16 03:49:49.515411+00	2025-09-19 16:24:44.005664+00
35	Capacitación trabajadores en SG SST	Capacitación en temas de prevención del ATEL	PENDIENTE	MEDIA	2025-11-30 00:00:00+00	\N	4	9	1	{"nit": "810000630.0", "linea": "L\\u00ednea Acompa\\u00f1amiento Legal y de Gesti\\u00f3n", "programa": "Programa SGSST-ILO", "componente": "Formaci\\u00f3n", "actividad": "Capacitaci\\u00f3n trabajadores en SG SST", "ciudad_desarrollo": "Manizales", "detalle_actividad": "Capacitaci\\u00f3n en temas de prevenci\\u00f3n del ATEL", "entregables": "Informe de Prestaci\\u00f3n de Servicios / Registro de Asistencia Capacitaci\\u00f3n / Evaluaci\\u00f3n Sesi\\u00f3n de Capacitaci\\u00f3n", "tipo_actividad": "Capacitaci\\u00f3n", "nro_os": "1874555.0", "horas_asignadas": 10, "horas_pendientes": 7, "dis_responsable": "Omar David Loaiza", "asesor_asignado": "Manuela", "observaciones": "Sep 17(1H) - Oct 15(1H) / A Autorizaci\\u00f3n(1H-05/09/2025) / FACTURADA(1H-29/07/2025 / 1H-18/08/2025)", "fecha_final": "2025-11-30T00:00:00", "fecha_asignacion": "2025-07-14T00:00:00", "empresa": "INSOFT S.A.S."}	2025-09-16 03:49:49.515411+00	2025-09-19 16:24:44.005664+00
36	Capacitación en medicina preventiva y del trabajo	"El profesional (Medico especialista o enfermera jefe en SST) Debe por favor enseñarle a los servidores actividad tipo taller (como usar los tensiometros digitales y tensiometros convencionales), signos de alarma de enfermedades carviovasculares, importancia de tener adhrencia al tratamiento y de asistir a las valoraciones medicas. 3/04/2025 Nota: Desde las regionales se les solicitara a las personas que cuentan con tensiometro digital traerlo para la actividad. " Perfil: Medico especialista o enfermera jefe en SST.  La actividad será desarrollada en modo presencial por el asesor.  A ese ejercicio es posible que se conecten personas de manera virtual	COMPLETADA	MEDIA	2025-08-31 00:00:00+00	\N	4	9	1	{"nit": "800150861.0", "linea": "L\\u00ednea Prevenci\\u00f3n y Gesti\\u00f3n del ATEL", "programa": "Programa Estilo de Vida Saludable", "componente": "Formaci\\u00f3n", "actividad": "Capacitaci\\u00f3n en medicina preventiva y del trabajo", "ciudad_desarrollo": "Pereira", "detalle_actividad": "\\"El profesional (Medico especialista o enfermera jefe en SST) Debe por favor ense\\u00f1arle a los servidores actividad tipo taller (como usar los tensiometros digitales y tensiometros convencionales), signos de alarma de enfermedades carviovasculares, importancia de tener adhrencia al tratamiento y de asistir a las valoraciones medicas. 3/04/2025 Nota: Desde las regionales se les solicitara a las personas que cuentan con tensiometro digital traerlo para la actividad. \\" Perfil: Medico especialista o enfermera jefe en SST.  La actividad ser\\u00e1 desarrollada en modo presencial por el asesor.  A ese ejercicio es posible que se conecten personas de manera virtual", "entregables": "Informe de Prestaci\\u00f3n de Servicios de Prevenci\\u00f3n y Promoci\\u00f3n - Proveedores / Registro de Asistencia Capacitaci\\u00f3n / Evaluaci\\u00f3n Sesi\\u00f3n de Capacitaci\\u00f3n", "tipo_actividad": "Capacitaci\\u00f3n", "nro_os": "1888620.0", "horas_asignadas": 2, "horas_pendientes": 2, "dis_responsable": "Julian David Chavarro", "asesor_asignado": "Manuela", "observaciones": "PARA CANCELAR", "fecha_final": "2025-08-31T00:00:00", "fecha_asignacion": "2025-08-11T00:00:00", "empresa": "INSTITUTO NACIONAL DE MEDICINA LEGAL Y CIENCIAS FORENS"}	2025-09-16 03:49:49.515411+00	2025-09-19 16:24:44.005664+00
38	Asesoria para diseño de profesiograma	Realizar asesoría y acompañamiento en el diseño de profesiograma	COMPLETADA	MEDIA	2025-11-30 00:00:00+00	\N	4	19	1	{"nit": "901789166.0", "linea": "L\\u00ednea Acompa\\u00f1amiento Legal y de Gesti\\u00f3n", "programa": "Programa SGSST-ILO", "componente": "Estandarizaci\\u00f3n", "actividad": "Asesoria para dise\\u00f1o de profesiograma", "ciudad_desarrollo": "Manizales", "detalle_actividad": "Realizar asesor\\u00eda y acompa\\u00f1amiento en el dise\\u00f1o de profesiograma", "entregables": "Informe de Prestaci\\u00f3n de Servicios  / Informe tipo A por asesor\\u00eda / Informe tipo B al finalizar la atenci\\u00f3n de la orden", "tipo_actividad": "Asesor\\u00eda", "nro_os": "1747897.0", "horas_asignadas": 8, "horas_pendientes": 2, "dis_responsable": "Simon Vanegas", "asesor_asignado": "Otoniel", "observaciones": "Ago 15(2H SE RECIBIO VERSON PRELIMINAR DE PROFESIOGRAMA: SE ACORDO REVISION, COMENTARIOS. Y SE SOLICITA FIRMA VIRTUAL PARA 6H DE CUMPLIMIENTO) / May 21(2H.EJECUTADA. PENDIENTE DE LA FIRMA DIGITAL DEL PROFESIONAL DE LA EMPRESA), Jun 18(2H. NO SE CONECTO LA EMPRESA), Jul 9(2H.NO SE CONECTO LA EMPRESA), Jul 29(SE ACORDO REVISION DOCUMNETAL Y PROGRAMACION Ago15)", "fecha_final": "2025-11-30T00:00:00", "fecha_asignacion": "2025-05-16T00:00:00", "empresa": "INVERSIONES CANALA S.A.S."}	2025-09-16 03:49:49.515411+00	2025-09-19 16:24:44.005664+00
44	Capacitación Introducción a la seguridad vial Legal y Técnico	Capacitación manejo defensivo para vehículos especiales de emergencias, buenas prácticas en la conducción para las siguiente empresa: EL DESCUENTO MANIZALES 2 HORAS	COMPLETADA	MEDIA	2025-12-05 00:00:00+00	\N	4	18	1	{"nit": "999990006.0", "linea": "L\\u00ednea Prevenci\\u00f3n y Gesti\\u00f3n del ATEL", "programa": "Programa Seguridad Vial", "componente": "Formaci\\u00f3n", "actividad": "Capacitaci\\u00f3n Introducci\\u00f3n a la seguridad vial Legal y T\\u00e9cnico", "ciudad_desarrollo": "Manizales", "detalle_actividad": "Capacitaci\\u00f3n manejo defensivo para veh\\u00edculos especiales de emergencias, buenas pr\\u00e1cticas en la conducci\\u00f3n para las siguiente empresa: EL DESCUENTO MANIZALES 2 HORAS", "entregables": "Informe de Prestaci\\u00f3n de Servicios / Registro de Asistencia Capacitaci\\u00f3n / Evaluaci\\u00f3n Sesi\\u00f3n de Capacitaci\\u00f3n", "tipo_actividad": "Capacitaci\\u00f3n", "nro_os": "1686127.0", "horas_asignadas": 5, "horas_pendientes": 4, "dis_responsable": "Natalia Aranzazu", "asesor_asignado": "Maria Jos\\u00e9", "observaciones": "Sep 17(2H) - Oct 14(2H) / DEVUELTA(1H-26/08/2025)", "fecha_final": "2025-12-05T00:00:00", "fecha_asignacion": "2025-04-21T00:00:00", "empresa": "MANEJO DE SUCURSAL - MANIZALES"}	2025-09-16 03:49:49.515411+00	2025-09-19 16:24:44.005664+00
37	Capacitación en medicina preventiva y del trabajo	"El profesional (Medico especialista o enfermera jefe en SST) Debe por favor enseñarle a los servidores actividad tipo taller (como usar los tensiometros digitales y tensiometros convencionales), signos de alarma de enfermedades carviovasculares, importancia de tener adhrencia al tratamiento y de asistir a las valoraciones medicas. 3/04/2025 Nota: Desde las regionales se les solicitara a las personas que cuentan con tensiometro digital traerlo para la actividad. " Perfil: Medico especialista o enfermera jefe en SST	COMPLETADA	MEDIA	2025-09-30 00:00:00+00	\N	4	21	1	{"nit": "800150861.0", "linea": "L\\u00ednea Prevenci\\u00f3n y Gesti\\u00f3n del ATEL", "programa": "Programa Estilo de Vida Saludable", "componente": "Formaci\\u00f3n", "actividad": "Capacitaci\\u00f3n en medicina preventiva y del trabajo", "ciudad_desarrollo": "Pereira", "detalle_actividad": "\\"El profesional (Medico especialista o enfermera jefe en SST) Debe por favor ense\\u00f1arle a los servidores actividad tipo taller (como usar los tensiometros digitales y tensiometros convencionales), signos de alarma de enfermedades carviovasculares, importancia de tener adhrencia al tratamiento y de asistir a las valoraciones medicas. 3/04/2025 Nota: Desde las regionales se les solicitara a las personas que cuentan con tensiometro digital traerlo para la actividad. \\" Perfil: Medico especialista o enfermera jefe en SST", "entregables": "Informe de Prestaci\\u00f3n de Servicios / Registro de Asistencia Capacitaci\\u00f3n / Evaluaci\\u00f3n Sesi\\u00f3n de Capacitaci\\u00f3n / Soporte de pago de Seguridad Social", "tipo_actividad": "Capacitaci\\u00f3n", "nro_os": "1915224.0", "horas_asignadas": 2, "horas_pendientes": 2, "dis_responsable": "Julian David Chavarro", "asesor_asignado": "Otoniel", "observaciones": "Sep 19(2H)", "fecha_final": "2025-09-30T00:00:00", "fecha_asignacion": "2025-08-27T00:00:00", "empresa": "INSTITUTO NACIONAL DE MEDICINA LEGAL Y CIENCIAS FORENS"}	2025-09-16 03:49:49.515411+00	2025-09-19 16:24:44.005664+00
39	Capacitación Introducción a la seguridad vial Legal y Técnico	Capacitación Introducción a la seguridad vial Legal y Técnico: Control de velocidad, Responsabilidades civiles y normatividad, Prevención de agentes distractores viales y Vehículo seguro.	COMPLETADA	MEDIA	2025-11-30 00:00:00+00	\N	4	16	1	{"nit": "800036116.0", "linea": "L\\u00ednea Prevenci\\u00f3n y Gesti\\u00f3n del ATEL", "programa": "Programa Seguridad Vial", "componente": "Formaci\\u00f3n", "actividad": "Capacitaci\\u00f3n Introducci\\u00f3n a la seguridad vial Legal y T\\u00e9cnico", "ciudad_desarrollo": "Manizales", "detalle_actividad": "Capacitaci\\u00f3n Introducci\\u00f3n a la seguridad vial Legal y T\\u00e9cnico: Control de velocidad, Responsabilidades civiles y normatividad, Prevenci\\u00f3n de agentes distractores viales y Veh\\u00edculo seguro.", "entregables": "Informe de Prestaci\\u00f3n de Servicios / Registro de Asistencia Capacitaci\\u00f3n / Evaluaci\\u00f3n Sesi\\u00f3n de Capacitaci\\u00f3n", "tipo_actividad": "Capacitaci\\u00f3n", "nro_os": "1662219.0", "horas_asignadas": 4, "horas_pendientes": 4, "dis_responsable": "Omar David Loaiza", "asesor_asignado": "Ana", "observaciones": "Sep 24(2H) / Oct 8(2H) dichas fechas son confirmadas por el cliente via correo y se habla con el dis omar", "fecha_final": "2025-11-30T00:00:00", "fecha_asignacion": "2025-03-14T00:00:00", "empresa": "ISOPOR S.A.S. EN REORGANIZACI\\u00d3N"}	2025-09-16 03:49:49.515411+00	2025-09-19 16:24:44.005664+00
40	Asesoría en medicina preventiva y del trabajo	Asesoría en medicina preventiva y del trabajo: Asesoría PRIC con el Dr. Otoniel del proveedor Ko-Actuar.	COMPLETADA	MEDIA	2025-11-30 00:00:00+00	\N	4	2	1	{"nit": "900798708.0", "linea": "L\\u00ednea Prevenci\\u00f3n y Gesti\\u00f3n del ATEL", "programa": "Programa Estilo de Vida Saludable", "componente": "Estandarizaci\\u00f3n", "actividad": "Asesor\\u00eda en medicina preventiva y del trabajo", "ciudad_desarrollo": "Manizales", "detalle_actividad": "Asesor\\u00eda en medicina preventiva y del trabajo: Asesor\\u00eda PRIC con el Dr. Otoniel del proveedor Ko-Actuar.", "entregables": "Informe de Prestaci\\u00f3n de Servicios / Informe Tipo A por asesoria", "tipo_actividad": "Asesor\\u00eda", "nro_os": "1773598.0", "horas_asignadas": 2, "horas_pendientes": 0, "dis_responsable": "Maria Quijano", "asesor_asignado": "Otoniel", "observaciones": "Ago 8(2H)", "fecha_final": "2025-11-30T00:00:00", "fecha_asignacion": "2025-05-28T00:00:00", "empresa": "JD FONTANA S.A.S."}	2025-09-16 03:49:49.515411+00	2025-09-19 16:24:44.005664+00
42	Asesoría en medicina preventiva y del trabajo	Asesoría en medicina preventiva y del trabajo: Valoración por el médico especialista pertinente y definición del plan de rehabilitación, Recuperación de la función perdida. Programa terapéutico específico, Proceso de reintegro o reubicación laboral según el caso Finalización del proceso de rehabilitación; Informe final.	COMPLETADA	MEDIA	2025-11-30 00:00:00+00	\N	4	18	1	{"nit": "890803008.0", "linea": "L\\u00ednea Prevenci\\u00f3n y Gesti\\u00f3n del ATEL", "programa": "Programa Estilo de Vida Saludable", "componente": "Estandarizaci\\u00f3n", "actividad": "Asesor\\u00eda en medicina preventiva y del trabajo", "ciudad_desarrollo": "Pensilvania", "detalle_actividad": "Asesor\\u00eda en medicina preventiva y del trabajo: Valoraci\\u00f3n por el m\\u00e9dico especialista pertinente y definici\\u00f3n del plan de rehabilitaci\\u00f3n, Recuperaci\\u00f3n de la funci\\u00f3n perdida. Programa terap\\u00e9utico espec\\u00edfico, Proceso de reintegro o reubicaci\\u00f3n laboral seg\\u00fan el caso Finalizaci\\u00f3n del proceso de rehabilitaci\\u00f3n; Informe final.", "entregables": "Informe de Prestaci\\u00f3n de Servicios / Informe Tipo A (por cada asesor\\u00eda realizada) / Informe tipo B al finalizar la asesor\\u00eda", "tipo_actividad": "Asesor\\u00eda", "nro_os": "1669972.0", "horas_asignadas": 10, "horas_pendientes": 5, "dis_responsable": "Omar David Loaiza", "asesor_asignado": "Otoniel", "observaciones": "Jul 30(2H), Ago6(3H) / FACTURADA(5H-26/06/2025)", "fecha_final": "2025-11-30T00:00:00", "fecha_asignacion": "2025-03-21T00:00:00", "empresa": "MADERAS DE ORIENTE S.A."}	2025-09-16 03:49:49.515411+00	2025-09-19 16:24:44.005664+00
43	Asesoria en el Diseño Plan Estratégico de Seguridad Vial	Asesoría técnica y acompañamiento para el diagnóstico inicial de la estrategia del plan estratégico de seguridad vial de la empresa, estableciendo la línea base para el fortalecimiento de las líneas de acciones que hacen parte del cumplimiento de la normatividad vigente y de las buenas prácticas en seguridad vial. verificación de implementación del documento para las siguientes empresas: EL DESCUENTO MANIZALES 2 HORAS.	COMPLETADA	MEDIA	2025-12-05 00:00:00+00	\N	4	18	1	{"nit": "999990006.0", "linea": "L\\u00ednea Prevenci\\u00f3n y Gesti\\u00f3n del ATEL", "programa": "Programa Seguridad Vial", "componente": "Estandarizaci\\u00f3n", "actividad": "Asesoria en el Dise\\u00f1o Plan Estrat\\u00e9gico de Seguridad Vial", "ciudad_desarrollo": "Manizales", "detalle_actividad": "Asesor\\u00eda t\\u00e9cnica y acompa\\u00f1amiento para el diagn\\u00f3stico inicial de la estrategia del plan estrat\\u00e9gico de seguridad vial de la empresa, estableciendo la l\\u00ednea base para el fortalecimiento de las l\\u00edneas de acciones que hacen parte del cumplimiento de la normatividad vigente y de las buenas pr\\u00e1cticas en seguridad vial. verificaci\\u00f3n de implementaci\\u00f3n del documento para las siguientes empresas: EL DESCUENTO MANIZALES 2 HORAS.", "entregables": "Informe de Prestaci\\u00f3n de Servicios / Informe Tipo A", "tipo_actividad": "Asesor\\u00eda", "nro_os": "1686125.0", "horas_asignadas": 5, "horas_pendientes": 0, "dis_responsable": "Natalia Aranzazu", "asesor_asignado": "Maria Jos\\u00e9", "observaciones": "CORREGIDA(3H-27/08/2025) / FACTURADA(2H-16/06/2025)", "fecha_final": "2025-12-05T00:00:00", "fecha_asignacion": "2025-04-21T00:00:00", "empresa": "MANEJO DE SUCURSAL - MANIZALES"}	2025-09-16 03:49:49.515411+00	2025-09-19 16:24:44.005664+00
58	Asesoria en el Diseño Plan Estratégico de Seguridad Vial	Asesoría en el Diagnostico Inicial PESV - Planificación, con el objetivo de dar un panorama general de lo que es seguridad vial en la técnica y en el contexto global que aborda la génesis del gerenciamiento integral en seguridad vial. Asesoría técnica y acompañamiento en el diagnóstico inicial de la estrategia de seguridad vial de la empresa, estableciendo la línea base para el fortalecimiento de las líneas de acciones que hacen parte del cumplimiento de la normatividad vigente (SST y seguridad vial) y de las buenas prácticas en seguridad vial. Asesoría y acompañamiento en el diseño del Programa de Gestión del Riesgo vial o del PESV Asesoría técnica y acompañamiento para el fortalecimiento o diseño de las diferentes estrategias asociadas al control operacional del plan de seguridad vial, que permita gestionar los riesgos identificados, cumplir los requisitos legales y otros requisitos aplicables, con la finalidad de ser congruentes con el direccionamiento estratégico de la empresa.a...	COMPLETADA	MEDIA	2025-12-05 00:00:00+00	\N	4	2	1	{"nit": "890807724.0", "linea": "L\\u00ednea Prevenci\\u00f3n y Gesti\\u00f3n del ATEL", "programa": "Programa Seguridad Vial", "componente": "Estandarizaci\\u00f3n", "actividad": "Asesoria en el Dise\\u00f1o Plan Estrat\\u00e9gico de Seguridad Vial", "ciudad_desarrollo": "Manizales", "detalle_actividad": "Asesor\\u00eda en el Diagnostico Inicial PESV - Planificaci\\u00f3n, con el objetivo de dar un panorama general de lo que es seguridad vial en la t\\u00e9cnica y en el contexto global que aborda la g\\u00e9nesis del gerenciamiento integral en seguridad vial. Asesor\\u00eda t\\u00e9cnica y acompa\\u00f1amiento en el diagn\\u00f3stico inicial de la estrategia de seguridad vial de la empresa, estableciendo la l\\u00ednea base para el fortalecimiento de las l\\u00edneas de acciones que hacen parte del cumplimiento de la normatividad vigente (SST y seguridad vial) y de las buenas pr\\u00e1cticas en seguridad vial. Asesor\\u00eda y acompa\\u00f1amiento en el dise\\u00f1o del Programa de Gesti\\u00f3n del Riesgo vial o del PESV Asesor\\u00eda t\\u00e9cnica y acompa\\u00f1amiento para el fortalecimiento o dise\\u00f1o de las diferentes estrategias asociadas al control operacional del plan de seguridad vial, que permita gestionar los riesgos identificados, cumplir los requisitos legales y otros requisitos aplicables, con la finalidad de ser congruentes con el direccionamiento estrat\\u00e9gico de la empresa.aplicables, as\\u00ed mismo, se asesora en la implementaci\\u00f3n de los mecanismos de acciones preventivas, correctivas y de mejora, como buena practica para prevenir y reducir las desviaciones.", "entregables": "Informe de Prestaci\\u00f3n de Servicios / Informe Tipo A", "tipo_actividad": "Asesor\\u00eda", "nro_os": "1657824.0", "horas_asignadas": 8, "horas_pendientes": 3, "dis_responsable": "Alejandra Tellez", "asesor_asignado": "Maria Jos\\u00e9", "observaciones": "Sep 16(3H) / FACTURADA(2H-20/05/2025 / 3H-17/06/2025)", "fecha_final": "2025-12-05T00:00:00", "fecha_asignacion": "2025-03-10T00:00:00", "empresa": "TELECAFE LTDA"}	2025-09-16 03:49:49.515411+00	2025-09-19 16:24:44.005664+00
2	Asesoría en fomentos de estilo de vida saludable	SEMANA DE LA SALUD BONNAVISTA MANIZALES TALLER PAUSAS ACTIVAS Y MANEJO DE CARGAS. CONTACTO: Yenni Paola Buriticá, Cel 323 5180334, Dirección Calle 7 #5 - 60 barrio Chipre Obra Bonnavista, siso1_bonnavista@g4ingenieros.com	PENDIENTE	MEDIA	2025-08-31 00:00:00+00	\N	4	16	1	{"nit": "901528033.0", "linea": "L\\u00ednea Prevenci\\u00f3n y Gesti\\u00f3n del ATEL", "programa": "Programa Estilo de Vida Saludable", "componente": "Estandarizaci\\u00f3n", "actividad": "Asesor\\u00eda en fomentos de estilo de vida saludable", "ciudad_desarrollo": "Manizales", "detalle_actividad": "SEMANA DE LA SALUD BONNAVISTA MANIZALES TALLER PAUSAS ACTIVAS Y MANEJO DE CARGAS. CONTACTO: Yenni Paola Buritic\\u00e1, Cel 323 5180334, Direcci\\u00f3n Calle 7 #5 - 60 barrio Chipre Obra Bonnavista, siso1_bonnavista@g4ingenieros.com", "entregables": "Informe de Prestaci\\u00f3n de Servicios / Informe Tipo A", "tipo_actividad": "Asesor\\u00eda", "nro_os": "1673291.0", "horas_asignadas": 2, "horas_pendientes": 0, "dis_responsable": "Maria Quijano", "asesor_asignado": "Otoniel", "observaciones": "A Autorizaci\\u00f3n(2H-25/08/2025)", "fecha_final": "2025-08-31T00:00:00", "fecha_asignacion": "2025-03-27T00:00:00", "empresa": "APARTAMENTOS BONNAVISTA S.A.S."}	2025-09-16 03:49:49.515411+00	2025-09-19 16:24:44.005664+00
3	Asesoria en el Diseño Plan Estratégico de Seguridad Vial	Orden por continuidad de la 4201633479: Asesoría en el Diagnóstico Inicial PESV - Planificación, con el objetivo de dar un panorama general de lo que es seguridad vial en la técnica y en el contexto global que aborda la génesis del gerenciamiento integral en seguridad vial. Asesoría técnica y acompañamiento en el diagnóstico inicial de la estrategia de seguridad vial de la empresa, estableciendo la línea base para el fortalecimiento de las líneas de acciones que hacen parte del cumplimiento de la normatividad vigente (SST y seguridad vial) y de las buenas prácticas en seguridad vial. Asesoría y acompañamiento en el diseño del Programa de Gestión del Riesgo vial o del PESV Asesoría técnica y acompañamiento para el fortalecimiento o diseño de las diferentes estrategias asociadas al control operacional del plan de seguridad vial, que permita gestionar los riesgos identificados, cumplir los requisitos legales y otros requisitos aplicables, con la finalidad de ser congruentes con el dire...	COMPLETADA	MEDIA	2025-10-31 00:00:00+00	\N	4	2	1	{"nit": "890802377.0", "linea": "L\\u00ednea Prevenci\\u00f3n y Gesti\\u00f3n del ATEL", "programa": "Programa Seguridad Vial", "componente": "Estandarizaci\\u00f3n", "actividad": "Asesoria en el Dise\\u00f1o Plan Estrat\\u00e9gico de Seguridad Vial", "ciudad_desarrollo": "Manizales", "detalle_actividad": "Orden por continuidad de la 4201633479: Asesor\\u00eda en el Diagn\\u00f3stico Inicial PESV - Planificaci\\u00f3n, con el objetivo de dar un panorama general de lo que es seguridad vial en la t\\u00e9cnica y en el contexto global que aborda la g\\u00e9nesis del gerenciamiento integral en seguridad vial. Asesor\\u00eda t\\u00e9cnica y acompa\\u00f1amiento en el diagn\\u00f3stico inicial de la estrategia de seguridad vial de la empresa, estableciendo la l\\u00ednea base para el fortalecimiento de las l\\u00edneas de acciones que hacen parte del cumplimiento de la normatividad vigente (SST y seguridad vial) y de las buenas pr\\u00e1cticas en seguridad vial. Asesor\\u00eda y acompa\\u00f1amiento en el dise\\u00f1o del Programa de Gesti\\u00f3n del Riesgo vial o del PESV Asesor\\u00eda t\\u00e9cnica y acompa\\u00f1amiento para el fortalecimiento o dise\\u00f1o de las diferentes estrategias asociadas al control operacional del plan de seguridad vial, que permita gestionar los riesgos identificados, cumplir los requisitos legales y otros requisitos aplicables, con la finalidad de ser congruentes con el direccionamiento estrat\\u00e9gico de la empresa.", "entregables": "Informe de Prestaci\\u00f3n de Servicios / Informe Tipo A", "tipo_actividad": "Asesor\\u00eda", "nro_os": "1865070.0", "horas_asignadas": 8, "horas_pendientes": 3, "dis_responsable": "Alejandra Tellez", "asesor_asignado": "Maria Jos\\u00e9", "observaciones": "Sep 13(3H) / CORREGIDO(2H-18/08/2025) / FACTURADA(3H-21/07/2025)", "fecha_final": "2025-10-31T00:00:00", "fecha_asignacion": "2025-06-25T00:00:00", "empresa": "AUTOMOTRIZ CALDAS MOTOR S.A."}	2025-09-16 03:49:49.515411+00	2025-09-19 16:24:44.005664+00
5	Asesoría en medicina preventiva y del trabajo	Asesoría en la socialización y aplicación del decreto 3050/2022 (PRE)	COMPLETADA	MEDIA	2025-12-31 00:00:00+00	\N	4	19	1	{"nit": "810002278.0", "linea": "L\\u00ednea Prevenci\\u00f3n y Gesti\\u00f3n del ATEL", "programa": "Programa Estilo de Vida Saludable", "componente": "Estandarizaci\\u00f3n", "actividad": "Asesor\\u00eda en medicina preventiva y del trabajo", "ciudad_desarrollo": "Manizales", "detalle_actividad": "Asesor\\u00eda en la socializaci\\u00f3n y aplicaci\\u00f3n del decreto 3050/2022 (PRE)", "entregables": "Informe de Prestaci\\u00f3n de Servicios / Informe Tipo A", "tipo_actividad": "Asesor\\u00eda", "nro_os": "1684119.0", "horas_asignadas": 8, "horas_pendientes": 4, "dis_responsable": "Omar David Loaiza", "asesor_asignado": "Gisela", "observaciones": "FACTURADA(2H-18/07/2025 / 2H-01/08/2025)", "fecha_final": "2025-12-31T00:00:00", "fecha_asignacion": "2025-04-11T00:00:00", "empresa": "C.I. PLASTIGOMA S.A."}	2025-09-16 03:49:49.515411+00	2025-09-19 16:24:44.005664+00
6	Asesoria en el Diseño Plan Estratégico de Seguridad Vial	Asesoría en el Diagnóstico Inicial PESV - Planificación, con el objetivo de dar un panorama general de lo que es seguridad vial en la técnica y en el contexto global que aborda la génesis del gerenciamiento integral en seguridad vial. Asesoría técnica y acompañamiento en el diagnóstico inicial de la estrategia de seguridad vial de la empresa, estableciendo la línea base para el fortalecimiento de las líneas de acciones que hacen parte del cumplimiento de la normatividad vigente (SST y seguridad vial) y de las buenas prácticas en seguridad vial. Asesoría y acompañamiento en el diseño del Programa de Gestión del Riesgo vial o del PESV Asesoría técnica y acompañamiento para el fortalecimiento o diseño de las diferentes estrategias asociadas al control operacional del plan de seguridad vial, que permita gestionar los riesgos identificados, cumplir los requisitos legales y otros requisitos aplicables, con la finalidad de ser congruentes con el direccionamiento estratégico de la empresa.	COMPLETADA	MEDIA	2025-12-06 00:00:00+00	\N	4	2	1	{"nit": "890800120.0", "linea": "L\\u00ednea Prevenci\\u00f3n y Gesti\\u00f3n del ATEL", "programa": "Programa Seguridad Vial", "componente": "Estandarizaci\\u00f3n", "actividad": "Asesoria en el Dise\\u00f1o Plan Estrat\\u00e9gico de Seguridad Vial", "ciudad_desarrollo": "Manizales", "detalle_actividad": "Asesor\\u00eda en el Diagn\\u00f3stico Inicial PESV - Planificaci\\u00f3n, con el objetivo de dar un panorama general de lo que es seguridad vial en la t\\u00e9cnica y en el contexto global que aborda la g\\u00e9nesis del gerenciamiento integral en seguridad vial. Asesor\\u00eda t\\u00e9cnica y acompa\\u00f1amiento en el diagn\\u00f3stico inicial de la estrategia de seguridad vial de la empresa, estableciendo la l\\u00ednea base para el fortalecimiento de las l\\u00edneas de acciones que hacen parte del cumplimiento de la normatividad vigente (SST y seguridad vial) y de las buenas pr\\u00e1cticas en seguridad vial. Asesor\\u00eda y acompa\\u00f1amiento en el dise\\u00f1o del Programa de Gesti\\u00f3n del Riesgo vial o del PESV Asesor\\u00eda t\\u00e9cnica y acompa\\u00f1amiento para el fortalecimiento o dise\\u00f1o de las diferentes estrategias asociadas al control operacional del plan de seguridad vial, que permita gestionar los riesgos identificados, cumplir los requisitos legales y otros requisitos aplicables, con la finalidad de ser congruentes con el direccionamiento estrat\\u00e9gico de la empresa.", "entregables": "Informe de Prestaci\\u00f3n de Servicios / Informe Tipo A / Informe Tipo B al Finalizar la asesoria", "tipo_actividad": "Asesor\\u00eda", "nro_os": "1661471.0", "horas_asignadas": 12, "horas_pendientes": 10, "dis_responsable": "Alejandra Tellez", "asesor_asignado": "Maria Jos\\u00e9", "observaciones": "Sep 24(4H) / FACTURADA(2H-16/06/2025)", "fecha_final": "2025-12-06T00:00:00", "fecha_asignacion": "2025-03-14T00:00:00", "empresa": "CASA LOPEZ S A"}	2025-09-16 03:49:49.515411+00	2025-09-19 16:24:44.005664+00
8	Capacitación en medicina preventiva y del trabajo	MANIZALEZ: se solicita capacitación de Estilos de vida saludable charla dinámica de cómo hacer una lonchera saludable septiembre **cliente solicita que se comunqiuen con el 11 de agosto de 2025 para coordinar la actividad y logística de esta En caso de cancelación o cambio de fecha si pasados los 3 meses de la actividad la empresa no ha definido fecha de ejecución, se eliminará la actividad.	COMPLETADA	MEDIA	2025-09-30 00:00:00+00	\N	4	7	1	{"nit": "830047215.0", "linea": "L\\u00ednea Prevenci\\u00f3n y Gesti\\u00f3n del ATEL", "programa": "Programa Estilo de Vida Saludable", "componente": "Formaci\\u00f3n", "actividad": "Capacitaci\\u00f3n en medicina preventiva y del trabajo", "ciudad_desarrollo": "Manizales", "detalle_actividad": "MANIZALEZ: se solicita capacitaci\\u00f3n de Estilos de vida saludable charla din\\u00e1mica de c\\u00f3mo hacer una lonchera saludable septiembre **cliente solicita que se comunqiuen con el 11 de agosto de 2025 para coordinar la actividad y log\\u00edstica de esta En caso de cancelaci\\u00f3n o cambio de fecha si pasados los 3 meses de la actividad la empresa no ha definido fecha de ejecuci\\u00f3n, se eliminar\\u00e1 la actividad.", "entregables": "Informe de Prestaci\\u00f3n de Servicios / Registro de Asistencia Capacitaci\\u00f3n / Evaluaci\\u00f3n Sesi\\u00f3n de Capacitaci\\u00f3n", "tipo_actividad": "Capacitaci\\u00f3n", "nro_os": "1880222.0", "horas_asignadas": 2, "horas_pendientes": 2, "dis_responsable": "Erika Sosa", "asesor_asignado": "Otoniel", "observaciones": "Sep 5(1H) / Sep 9(1H)", "fecha_final": "2025-09-30T00:00:00", "fecha_asignacion": "2025-07-23T00:00:00", "empresa": "CENTRO INTERACTIVO DE CRM S.A.S."}	2025-09-16 03:49:49.515411+00	2025-09-19 16:24:44.005664+00
9	Asesoría en medicina preventiva y del trabajo	Asesorar la implementación del PRIC programa permite alinear el manejo de los casos de accidente o enfermedad laboral que se puedan presentar en la empresa a través de las actividades del ciclo de mejora continua PHVA y gestionar de manera efectiva el apoyo requerido como organización para garantizar la evolución positiva del estado de salud Resolución 3050 de 2022.	COMPLETADA	MEDIA	2025-12-05 00:00:00+00	\N	4	2	1	{"nit": "810001466.0", "linea": "L\\u00ednea Prevenci\\u00f3n y Gesti\\u00f3n del ATEL", "programa": "Programa Estilo de Vida Saludable", "componente": "Estandarizaci\\u00f3n", "actividad": "Asesor\\u00eda en medicina preventiva y del trabajo", "ciudad_desarrollo": "Manizales", "detalle_actividad": "Asesorar la implementaci\\u00f3n del PRIC programa permite alinear el manejo de los casos de accidente o enfermedad laboral que se puedan presentar en la empresa a trav\\u00e9s de las actividades del ciclo de mejora continua PHVA y gestionar de manera efectiva el apoyo requerido como organizaci\\u00f3n para garantizar la evoluci\\u00f3n positiva del estado de salud Resoluci\\u00f3n 3050 de 2022.", "entregables": "Informe de Prestaci\\u00f3n de Servicios / Informe Tipo A (por cada asesor\\u00eda realizada)", "tipo_actividad": "Asesor\\u00eda", "nro_os": "1668272.0", "horas_asignadas": 6, "horas_pendientes": 0, "dis_responsable": "Alejandra Tellez", "asesor_asignado": "Otoniel", "observaciones": "Ago 27(4H) / FACTURADA(2H-27/07/2025)", "fecha_final": "2025-12-05T00:00:00", "fecha_asignacion": "2025-03-20T00:00:00", "empresa": "CL\\u00cdNICA OFTALMOL\\u00d3GOCA DEL CAF\\u00c9"}	2025-09-16 03:49:49.515411+00	2025-09-19 16:24:44.005664+00
12	Formación Manejo defensivo de vehículos	Capacitación en seguridad vial	COMPLETADA	MEDIA	2025-12-31 00:00:00+00	\N	4	19	1	{"nit": "900726147.0", "linea": "L\\u00ednea Prevenci\\u00f3n y Gesti\\u00f3n del ATEL", "programa": "Programa Seguridad Vial", "componente": "Formaci\\u00f3n", "actividad": "Formaci\\u00f3n Manejo defensivo de veh\\u00edculos", "ciudad_desarrollo": "Manizales", "detalle_actividad": "Capacitaci\\u00f3n en seguridad vial", "entregables": "Informe de Prestaci\\u00f3n de Servicios / Registro de Asistencia Capacitaci\\u00f3n", "tipo_actividad": "Capacitaci\\u00f3n", "nro_os": "1669123.0", "horas_asignadas": 4, "horas_pendientes": 0, "dis_responsable": "Omar David Loaiza", "asesor_asignado": "Ana", "observaciones": "A Autorizaci\\u00f3n(2H-05/09/2025) / FACTURADA(2H-16/06/2025)", "fecha_final": "2025-12-31T00:00:00", "fecha_asignacion": "2025-03-20T00:00:00", "empresa": "CODICOM COMBUSTIBLES S.A.S."}	2025-09-16 03:49:49.515411+00	2025-09-19 16:24:44.005664+00
13	Asesoría obligaciones y deberes en el SG SST	Asesoría para el desarrollo y mantenimiento del Sistema de Gestión Seguridad y Salud en el Trabajo SGSST, de acuerdo a los requisitos Legales de la Resolución 1016 de 1989, Decreto 2923 de 2011, Ley 1562 de 2012, Decreto 1072 de 2015, resolución 0312/2019 y las normas que se expidan en la materia.	COMPLETADA	MEDIA	2025-12-31 00:00:00+00	\N	4	19	1	{"nit": "800226784.0", "linea": "L\\u00ednea Acompa\\u00f1amiento Legal y de Gesti\\u00f3n", "programa": "Programa SGSST-ILO", "componente": "Entendimiento", "actividad": "Asesor\\u00eda obligaciones y deberes en el SG SST", "ciudad_desarrollo": "Manizales", "detalle_actividad": "Asesor\\u00eda para el desarrollo y mantenimiento del Sistema de Gesti\\u00f3n Seguridad y Salud en el Trabajo SGSST, de acuerdo a los requisitos Legales de la Resoluci\\u00f3n 1016 de 1989, Decreto 2923 de 2011, Ley 1562 de 2012, Decreto 1072 de 2015, resoluci\\u00f3n 0312/2019 y las normas que se expidan en la materia.", "entregables": "Informe de Prestaci\\u00f3n de Servicios / Informe Tipo A", "tipo_actividad": "Asesor\\u00eda", "nro_os": "1670346.0", "horas_asignadas": 6, "horas_pendientes": 0, "dis_responsable": "Omar David Loaiza", "asesor_asignado": "Diana", "observaciones": "A Autorizaci\\u00f3n(6H-05/09/2025)", "fecha_final": "2025-12-31T00:00:00", "fecha_asignacion": "2025-03-27T00:00:00", "empresa": "COMPUTAR SAS"}	2025-09-16 03:49:49.515411+00	2025-09-19 16:24:44.005664+00
14	Asesoría en estándares de seguridad básicos	CALARCA: Asesoría en estándares de seguridad básicos, en la estructuración e implementación del SG-SST, la empresa es del sector construcción de vías.	COMPLETADA	MEDIA	2025-11-30 00:00:00+00	\N	4	10	1	{"nit": "901883045.0", "linea": "L\\u00ednea Prevenci\\u00f3n y Gesti\\u00f3n del ATEL", "programa": "Programa Construcci\\u00f3n Libre de Riesgo", "componente": "Estandarizaci\\u00f3n", "actividad": "Asesor\\u00eda en est\\u00e1ndares de seguridad b\\u00e1sicos", "ciudad_desarrollo": "Calarc\\u00e1", "detalle_actividad": "CALARCA: Asesor\\u00eda en est\\u00e1ndares de seguridad b\\u00e1sicos, en la estructuraci\\u00f3n e implementaci\\u00f3n del SG-SST, la empresa es del sector construcci\\u00f3n de v\\u00edas.", "entregables": "Informe de Prestaci\\u00f3n de Servicios / Informe Tipo A por asesor\\u00eda / Informe Tipo B al finalizar la atenci\\u00f3n de la orden", "tipo_actividad": "Asesor\\u00eda", "nro_os": "1673518.0", "horas_asignadas": 10, "horas_pendientes": 8, "dis_responsable": "Karen Florez", "asesor_asignado": "Manuela", "observaciones": "Sep 3 (2H) Sep 10 (3H)", "fecha_final": "2025-11-30T00:00:00", "fecha_asignacion": "2025-03-27T00:00:00", "empresa": "CONSORCIO AYP LA LINEA"}	2025-09-16 03:49:49.515411+00	2025-09-19 16:24:44.005664+00
15	Capacitación Introducción a la seguridad vial Legal y Técnico	Orden por continuidad de la 4201721144: FORMACION SEGURIDAD EN MANEJO DE MOTOCICLETAS MANEJO DEFENSIVO, NORMAS DE SEGURIDAD EN VIA, VELOCIDAD RIESGO MORTAL.	COMPLETADA	MEDIA	2025-10-31 00:00:00+00	\N	4	5	1	{"nit": "901801907.0", "linea": "L\\u00ednea Prevenci\\u00f3n y Gesti\\u00f3n del ATEL", "programa": "Programa Seguridad Vial", "componente": "Formaci\\u00f3n", "actividad": "Capacitaci\\u00f3n Introducci\\u00f3n a la seguridad vial Legal y T\\u00e9cnico", "ciudad_desarrollo": "Manizales", "detalle_actividad": "Orden por continuidad de la 4201721144: FORMACION SEGURIDAD EN MANEJO DE MOTOCICLETAS MANEJO DEFENSIVO, NORMAS DE SEGURIDAD EN VIA, VELOCIDAD RIESGO MORTAL.", "entregables": "Informe de Prestaci\\u00f3n de Servicios de Prevenci\\u00f3n y Promoci\\u00f3n - Proveedores / Registro de Asistencia Capacitaci\\u00f3n / Evaluaci\\u00f3n Sesi\\u00f3n de Capacitaci\\u00f3n / Soporte de pago de seguridad social", "tipo_actividad": "Capacitaci\\u00f3n", "nro_os": "1883462.0", "horas_asignadas": 4, "horas_pendientes": 4, "dis_responsable": "Cesar Mora", "asesor_asignado": "Maria Jos\\u00e9", "observaciones": "Sep 26(2H)", "fecha_final": "2025-10-31T00:00:00", "fecha_asignacion": "2025-07-29T00:00:00", "empresa": "CONSTRUCCIONES SALAZAR VALENCIA S.A.S"}	2025-09-16 03:49:49.515411+00	2025-09-19 16:24:44.005664+00
16	Capacitación trabajadores en SG SST	Capacitación trabajadores en SG SST con enfasis en Riesgo Publico para el area de Salas de venta 2 Horas Manizales Marzo 2 Horas Pereira Marzo 2 Horas Manizales Noviembre 2 Horas Pereira Noviembre.	COMPLETADA	MEDIA	2025-12-05 00:00:00+00	\N	4	5	1	{"nit": "800161633.0", "linea": "L\\u00ednea Acompa\\u00f1amiento Legal y de Gesti\\u00f3n", "programa": "Programa SGSST-ILO", "componente": "Formaci\\u00f3n", "actividad": "Capacitaci\\u00f3n trabajadores en SG SST", "ciudad_desarrollo": "Manizales - Pereira", "detalle_actividad": "Capacitaci\\u00f3n trabajadores en SG SST con enfasis en Riesgo Publico para el area de Salas de venta 2 Horas Manizales Marzo 2 Horas Pereira Marzo 2 Horas Manizales Noviembre 2 Horas Pereira Noviembre.", "entregables": "Informe de Prestaci\\u00f3n de Servicios / Registro de Asistencia Capacitaci\\u00f3n / Evaluaci\\u00f3n Sesi\\u00f3n de Capacitaci\\u00f3n", "tipo_actividad": "Capacitaci\\u00f3n", "nro_os": "1665777.0", "horas_asignadas": 8, "horas_pendientes": 4, "dis_responsable": "Cesar Mora", "asesor_asignado": "Manuela", "observaciones": "Nov(4H) / FACTURADA(2H-20/05/2025 / 1H-20/05/2025 / 1H-27/06/2025)", "fecha_final": "2025-12-05T00:00:00", "fecha_asignacion": "2025-03-21T00:00:00", "empresa": "CONSTRUCTORA LAS GALIAS SA"}	2025-09-16 03:49:49.515411+00	2025-09-19 16:24:44.005664+00
4	Asesoría en medicina preventiva y del trabajo	Asesorar la implementación del PRIC programa permite alinear el manejo de los casos de accidente o enfermedad laboral que se puedan presentar en la empresa a través de las actividades del ciclo de mejora continua PHVA y gestionar de manera efectiva el apoyo requerido como organización para garantizar la evolución positiva del estado de salud Resolución 3050 de 2022 - La asesoria debe realizarse con el Medico Otoniel o la Medica de nuevo ingreso con el proveedor Ko-Actuar.	PENDIENTE	MEDIA	2025-11-30 00:00:00+00	\N	4	2	1	{"nit": "890802377.0", "linea": "L\\u00ednea Prevenci\\u00f3n y Gesti\\u00f3n del ATEL", "programa": "Programa Estilo de Vida Saludable", "componente": "Estandarizaci\\u00f3n", "actividad": "Asesor\\u00eda en medicina preventiva y del trabajo", "ciudad_desarrollo": "Manizales", "detalle_actividad": "Asesorar la implementaci\\u00f3n del PRIC programa permite alinear el manejo de los casos de accidente o enfermedad laboral que se puedan presentar en la empresa a trav\\u00e9s de las actividades del ciclo de mejora continua PHVA y gestionar de manera efectiva el apoyo requerido como organizaci\\u00f3n para garantizar la evoluci\\u00f3n positiva del estado de salud Resoluci\\u00f3n 3050 de 2022 - La asesoria debe realizarse con el Medico Otoniel o la Medica de nuevo ingreso con el proveedor Ko-Actuar.", "entregables": "Informe de Prestaci\\u00f3n de Servicios / Informe Tipo A (por cada asesor\\u00eda realizada)", "tipo_actividad": "Asesor\\u00eda", "nro_os": "1633480.0", "horas_asignadas": 3, "horas_pendientes": 0, "dis_responsable": "Alejandra Tellez", "asesor_asignado": "Gisela", "observaciones": "CORREGIDA(1H-28/07/2025) / FACTURADA(1H-27/06/2025 - 1H-27/06/2025)", "fecha_final": "2025-11-30T00:00:00", "fecha_asignacion": "2025-02-18T00:00:00", "empresa": "AUTOMOTRIZ CALDAS MOTOR S.A."}	2025-09-16 03:49:49.515411+00	2025-09-19 16:24:44.005664+00
1	Capacitación en medicina preventiva y del trabajo	Capacitación en estilos de vida saludable con énfasis en Higiene del sueño y Prevención de la fatiga para el 100% de los trabajadores. Modalidad Virtual, fecha de ejecución agosto EMPRESA: P & S VALCAS SOCIEDAD ANONIMA - GRUPO VALCAS SA	COMPLETADA	MEDIA	2025-08-29 00:00:00+00	\N	4	11	1	{"nit": null, "linea": "L\\u00ednea Prevenci\\u00f3n y Gesti\\u00f3n del ATEL", "programa": "Programa Estilo de Vida Saludable", "componente": "Formaci\\u00f3n", "actividad": "Capacitaci\\u00f3n en medicina preventiva y del trabajo", "ciudad_desarrollo": "VIRTUAL", "detalle_actividad": "Capacitaci\\u00f3n en estilos de vida saludable con \\u00e9nfasis en Higiene del sue\\u00f1o y Prevenci\\u00f3n de la fatiga para el 100% de los trabajadores. Modalidad Virtual, fecha de ejecuci\\u00f3n agosto EMPRESA: P & S VALCAS SOCIEDAD ANONIMA - GRUPO VALCAS SA", "entregables": "Informe de Prestaci\\u00f3n de Servicios / Registro de Asistencia Capacitaci\\u00f3n / Evaluaci\\u00f3n Sesi\\u00f3n de Capacitaci\\u00f3n / Soporte de pago de Seguridad Social", "tipo_actividad": "Capacitaci\\u00f3n", "nro_os": "1915261.0", "horas_asignadas": 2, "horas_pendientes": 2, "dis_responsable": "Laura Lorena Romero", "asesor_asignado": "Otoniel", "observaciones": "Oct 3(2H). Se solicit\\u00f3 ampliaci\\u00f3n fecha final a DIS por solicitud de empresa.", "fecha_final": "2025-08-29T00:00:00", "fecha_asignacion": "2025-08-27T00:00:00"}	2025-09-16 03:49:49.515411+00	2025-09-16 16:56:40.94248+00
19	Asesoría en el diagnóstico de la gestión del riesgo para la Sistema Vigilancia de Conservación Respiratoria	Asesoría en el Sistema Vigilancia de Conservación Respiratoria.	COMPLETADA	MEDIA	2025-12-31 00:00:00+00	\N	4	19	1	{"nit": "890804607.0", "linea": "L\\u00ednea Prevenci\\u00f3n y Gesti\\u00f3n del ATEL", "programa": "Sistema Vigilancia Epidemiol\\u00f3gica Conservaci\\u00f3n Respiratoria", "componente": "Diagn\\u00f3stico", "actividad": "Asesor\\u00eda en el diagn\\u00f3stico de la gesti\\u00f3n del riesgo para la Sistema Vigilancia de Conservaci\\u00f3n Respiratoria", "ciudad_desarrollo": "Manizales", "detalle_actividad": "Asesor\\u00eda en el Sistema Vigilancia de Conservaci\\u00f3n Respiratoria.", "entregables": "Informe de Prestaci\\u00f3n de Servicios / Informe Tipo A", "tipo_actividad": "Asesor\\u00eda", "nro_os": "1668380.0", "horas_asignadas": 2, "horas_pendientes": 1, "dis_responsable": "Omar David Loaiza", "asesor_asignado": "Gisela", "observaciones": "Sep (1H) / FACTURADA(1H-27/06/2025)", "fecha_final": "2025-12-31T00:00:00", "fecha_asignacion": "2025-03-20T00:00:00", "empresa": "CUERPO DE BOMBEROS VOLUNTARIOS VILLAMARIA"}	2025-09-16 03:49:49.515411+00	2025-09-19 16:24:44.005664+00
20	Asesoria en el Diseño Plan Estratégico de Seguridad Vial	Asesoria en el Diseño Plan Estratégico de Seguridad Vial: Asesoría en estándares de seguridad vial, gestión del riesgo y mantenimiento, actualización normativa.	COMPLETADA	MEDIA	2025-11-30 00:00:00+00	\N	4	19	1	{"nit": "810002311.0", "linea": "L\\u00ednea Prevenci\\u00f3n y Gesti\\u00f3n del ATEL", "programa": "Programa Seguridad Vial", "componente": "Estandarizaci\\u00f3n", "actividad": "Asesoria en el Dise\\u00f1o Plan Estrat\\u00e9gico de Seguridad Vial", "ciudad_desarrollo": "Manizales", "detalle_actividad": "Asesoria en el Dise\\u00f1o Plan Estrat\\u00e9gico de Seguridad Vial: Asesor\\u00eda en est\\u00e1ndares de seguridad vial, gesti\\u00f3n del riesgo y mantenimiento, actualizaci\\u00f3n normativa.", "entregables": "Informe de Prestaci\\u00f3n de Servicios / Informe Tipo A", "tipo_actividad": "Asesor\\u00eda", "nro_os": "1836768.0", "horas_asignadas": 4, "horas_pendientes": 2, "dis_responsable": "Omar David Loaiza", "asesor_asignado": "Maria Jos\\u00e9", "observaciones": "Sep 22(2H) / FACTURADA(2H-31/07/2025)", "fecha_final": "2025-11-30T00:00:00", "fecha_asignacion": "2025-06-18T00:00:00", "empresa": "DATA 3.000 S.A.S."}	2025-09-16 03:49:49.515411+00	2025-09-19 16:24:44.005664+00
7	Capacitación en medicina preventiva y del trabajo	Manizales: Charlas dinámicas de prevención y promoción visual, auditivo y cuidado de la voz ****cliente solicita que se comuniquen con el la última semana del mes de febrero para coordinar la actividad y logística de esta En caso de cancelación o cambio de fecha si pasados los 3 meses de la actividad la empresa no ha definido fecha de ejecución, se eliminará la actividad.	PENDIENTE	MEDIA	2025-11-30 00:00:00+00	\N	4	7	1	{"nit": "830047215.0", "linea": "L\\u00ednea Prevenci\\u00f3n y Gesti\\u00f3n del ATEL", "programa": "Programa Estilo de Vida Saludable", "componente": "Formaci\\u00f3n", "actividad": "Capacitaci\\u00f3n en medicina preventiva y del trabajo", "ciudad_desarrollo": "Manizales", "detalle_actividad": "Manizales: Charlas din\\u00e1micas de prevenci\\u00f3n y promoci\\u00f3n visual, auditivo y cuidado de la voz ****cliente solicita que se comuniquen con el la \\u00faltima semana del mes de febrero para coordinar la actividad y log\\u00edstica de esta En caso de cancelaci\\u00f3n o cambio de fecha si pasados los 3 meses de la actividad la empresa no ha definido fecha de ejecuci\\u00f3n, se eliminar\\u00e1 la actividad.", "entregables": "Informe de Prestaci\\u00f3n de Servicios / Registro de Asistencia Capacitaci\\u00f3n / Evaluaci\\u00f3n Sesi\\u00f3n de Capacitaci\\u00f3n", "tipo_actividad": "Capacitaci\\u00f3n", "nro_os": "1643824.0", "horas_asignadas": 10, "horas_pendientes": 2, "dis_responsable": "Erika Sosa", "asesor_asignado": "Manuela", "observaciones": "Sep 9(2H) / FACTURADA(1H-22/04/2025 / 1H-23/04/2025 / 2H-18/06/2025 / 2H-24/07/2025 / 1H-28/07/2025 / 1H-11/08/2025)", "fecha_final": "2025-11-30T00:00:00", "fecha_asignacion": "2025-03-03T00:00:00", "empresa": "CENTRO INTERACTIVO DE CRM S.A.S."}	2025-09-16 03:49:49.515411+00	2025-09-19 16:24:44.005664+00
10	Capacitación en medicina preventiva y del trabajo	Capacitación Estilos de Vida Saludable, con el Medico Otoniel.	PENDIENTE	MEDIA	2025-10-31 00:00:00+00	\N	4	2	1	{"nit": "810001466.0", "linea": "L\\u00ednea Prevenci\\u00f3n y Gesti\\u00f3n del ATEL", "programa": "Programa Estilo de Vida Saludable", "componente": "Formaci\\u00f3n", "actividad": "Capacitaci\\u00f3n en medicina preventiva y del trabajo", "ciudad_desarrollo": "Manizales", "detalle_actividad": "Capacitaci\\u00f3n Estilos de Vida Saludable, con el Medico Otoniel.", "entregables": "Informe de Prestaci\\u00f3n de Servicios / Registro de Asistencia Capacitaci\\u00f3n / Evaluaci\\u00f3n Sesi\\u00f3n de Capacitaci\\u00f3n", "tipo_actividad": "Capacitaci\\u00f3n", "nro_os": "1837390.0", "horas_asignadas": 3, "horas_pendientes": 0, "dis_responsable": "Alejandra Tellez", "asesor_asignado": "Otoniel", "observaciones": "A Autorizaci\\u00f3n(3H-04/09/2025)", "fecha_final": "2025-10-31T00:00:00", "fecha_asignacion": "2025-06-18T00:00:00", "empresa": "CL\\u00cdNICA OFTALMOL\\u00d3GOCA DEL CAF\\u00c9"}	2025-09-16 03:49:49.515411+00	2025-09-19 16:24:44.005664+00
11	Asesoria en el Diseño Plan Estratégico de Seguridad Vial	Orden por continuidad 4201837569: Asesoría en el Diagnóstico Inicial PESV - Planificación, con el objetivo de dar un panorama general de lo que es seguridad vial en la técnica y en el contexto global que aborda la génesis del gerenciamiento integral en seguridad vial. Asesoría técnica y acompañamiento en el diagnóstico inicial de la estrategia de seguridad vial de la empresa, estableciendo la línea base para el fortalecimiento de las líneas de acciones que hacen parte del cumplimiento de la normatividad vigente (SST y seguridad vial) y de las buenas prácticas en seguridad vial. Asesoría y acompañamiento en el diseño del Programa de Gestión del Riesgo vial o del PESV. Asesoría técnica y acompañamiento para el fortalecimiento o diseño de las diferentes estrategias asociadas al control operacional del plan de seguridad vial, que permita gestionar los riesgos identificados, cumplir los requisitos legales y otros requisitos aplicables, con la finalidad de ser congruentes con el direccion...	PENDIENTE	MEDIA	2025-11-28 00:00:00+00	\N	4	2	1	{"nit": "810003245.0", "linea": "L\\u00ednea Prevenci\\u00f3n y Gesti\\u00f3n del ATEL", "programa": "Programa Seguridad Vial", "componente": "Estandarizaci\\u00f3n", "actividad": "Asesoria en el Dise\\u00f1o Plan Estrat\\u00e9gico de Seguridad Vial", "ciudad_desarrollo": "Manizales", "detalle_actividad": "Orden por continuidad 4201837569: Asesor\\u00eda en el Diagn\\u00f3stico Inicial PESV - Planificaci\\u00f3n, con el objetivo de dar un panorama general de lo que es seguridad vial en la t\\u00e9cnica y en el contexto global que aborda la g\\u00e9nesis del gerenciamiento integral en seguridad vial. Asesor\\u00eda t\\u00e9cnica y acompa\\u00f1amiento en el diagn\\u00f3stico inicial de la estrategia de seguridad vial de la empresa, estableciendo la l\\u00ednea base para el fortalecimiento de las l\\u00edneas de acciones que hacen parte del cumplimiento de la normatividad vigente (SST y seguridad vial) y de las buenas pr\\u00e1cticas en seguridad vial. Asesor\\u00eda y acompa\\u00f1amiento en el dise\\u00f1o del Programa de Gesti\\u00f3n del Riesgo vial o del PESV. Asesor\\u00eda t\\u00e9cnica y acompa\\u00f1amiento para el fortalecimiento o dise\\u00f1o de las diferentes estrategias asociadas al control operacional del plan de seguridad vial, que permita gestionar los riesgos identificados, cumplir los requisitos legales y otros requisitos aplicables, con la finalidad de ser congruentes con el direccionamiento estrat\\u00e9gico de la empresa.", "entregables": "Informe de Prestaci\\u00f3n de Servicios de Prevenci\\u00f3n y Promoci\\u00f3n - Proveedores / Informe tipo A  por asesor\\u00eda / Informe tipo B al finalizar / Soporte de pago de seguridad social", "tipo_actividad": "Asesor\\u00eda", "nro_os": "1915534.0", "horas_asignadas": 12, "horas_pendientes": 12, "dis_responsable": "Alejandra Tellez", "asesor_asignado": "Ana", "observaciones": "Sep 24 y 25(12H)", "fecha_final": "2025-11-28T00:00:00", "fecha_asignacion": "2025-08-27T00:00:00", "empresa": "CLINICA OSPEDALE MANIZALES S.A"}	2025-09-16 03:49:49.515411+00	2025-09-19 16:24:44.005664+00
17	Asesoria en el Diseño Plan Estratégico de Seguridad Vial	ASESORIA DOCUMENTAL PLAN ESTRATEGICO DE SEGURIDAD VIAL ENFASIS MOTOCICLETAS.	PENDIENTE	MEDIA	2025-10-10 00:00:00+00	\N	4	5	1	{"nit": "900905920.0", "linea": "L\\u00ednea Prevenci\\u00f3n y Gesti\\u00f3n del ATEL", "programa": "Programa Seguridad Vial", "componente": "Estandarizaci\\u00f3n", "actividad": "Asesoria en el Dise\\u00f1o Plan Estrat\\u00e9gico de Seguridad Vial", "ciudad_desarrollo": "Manizales", "detalle_actividad": "ASESORIA DOCUMENTAL PLAN ESTRATEGICO DE SEGURIDAD VIAL ENFASIS MOTOCICLETAS.", "entregables": "Informe de Prestaci\\u00f3n de Servicios / Informe Tipo A", "tipo_actividad": "Asesor\\u00eda", "nro_os": "1715696.0", "horas_asignadas": 6, "horas_pendientes": 2, "dis_responsable": "Cesar Mora", "asesor_asignado": "Maria Jos\\u00e9", "observaciones": "Sep 20(2H) / FACTURADA(2H-27/06/2025 / 2H-18/07/2025)", "fecha_final": "2025-10-10T00:00:00", "fecha_asignacion": "2025-04-29T00:00:00", "empresa": "CUBIERTAS Y ACABADOS C.U. S.A.S"}	2025-09-16 03:49:49.515411+00	2025-09-19 16:24:44.005664+00
18	Capacitación Introducción a la seguridad vial Legal y Técnico	FORMACION SEGURIDAD EN MANEJO DE MOTOCICLETAS MANEJO DEFENSIVO, NORMAS DE SEGURIDAD EN VIA, VELOCIDAD RIESGO MORTAL, SESIONES DE UNA HORA POR TEMA 6 TEMAS.	PENDIENTE	MEDIA	2025-10-10 00:00:00+00	\N	4	5	1	{"nit": "900905920.0", "linea": "L\\u00ednea Prevenci\\u00f3n y Gesti\\u00f3n del ATEL", "programa": "Programa Seguridad Vial", "componente": "Formaci\\u00f3n", "actividad": "Capacitaci\\u00f3n Introducci\\u00f3n a la seguridad vial Legal y T\\u00e9cnico", "ciudad_desarrollo": "Manizales", "detalle_actividad": "FORMACION SEGURIDAD EN MANEJO DE MOTOCICLETAS MANEJO DEFENSIVO, NORMAS DE SEGURIDAD EN VIA, VELOCIDAD RIESGO MORTAL, SESIONES DE UNA HORA POR TEMA 6 TEMAS.", "entregables": "Informe de Prestaci\\u00f3n de Servicios / Registro de Asistencia Capacitaci\\u00f3n / Evaluaci\\u00f3n Sesi\\u00f3n de Capacitaci\\u00f3n", "tipo_actividad": "Capacitaci\\u00f3n", "nro_os": "1715692.0", "horas_asignadas": 3, "horas_pendientes": 1, "dis_responsable": "Cesar Mora", "asesor_asignado": "Maria Jos\\u00e9", "observaciones": "Sep 20(1H) / FACTURADA(2H-18/08/2025)", "fecha_final": "2025-10-10T00:00:00", "fecha_asignacion": "2025-04-29T00:00:00", "empresa": "CUBIERTAS Y ACABADOS C.U. S.A.S"}	2025-09-16 03:49:49.515411+00	2025-09-19 16:24:44.005664+00
22	Capacitación Introducción a la seguridad vial Legal y Técnico	Capacitación Introducción a la seguridad vial Legal y Técnico: Capacitaciones de acuerdo con la documentación del PESV	COMPLETADA	MEDIA	2025-11-30 00:00:00+00	\N	4	19	1	{"nit": "901570913.0", "linea": "L\\u00ednea Prevenci\\u00f3n y Gesti\\u00f3n del ATEL", "programa": "Programa Seguridad Vial", "componente": "Formaci\\u00f3n", "actividad": "Capacitaci\\u00f3n Introducci\\u00f3n a la seguridad vial Legal y T\\u00e9cnico", "ciudad_desarrollo": "Manizales", "detalle_actividad": "Capacitaci\\u00f3n Introducci\\u00f3n a la seguridad vial Legal y T\\u00e9cnico: Capacitaciones de acuerdo con la documentaci\\u00f3n del PESV", "entregables": "Informe de Prestaci\\u00f3n de Servicios / Registro de Asistencia Capacitaci\\u00f3n / Evaluaci\\u00f3n Sesi\\u00f3n de Capacitaci\\u00f3n", "tipo_actividad": "Capacitaci\\u00f3n", "nro_os": "1865362.0", "horas_asignadas": 2, "horas_pendientes": 2, "dis_responsable": "Omar David Loaiza", "asesor_asignado": "Maria Jos\\u00e9", "observaciones": "Nov 4(2H) - Nov 25(2H)", "fecha_final": "2025-11-30T00:00:00", "fecha_asignacion": "2025-07-01T00:00:00", "empresa": "EL DESCUENTO MANIZALES S.A.S."}	2025-09-16 03:49:49.515411+00	2025-09-19 16:24:44.005664+00
25	Asesoría en medicina preventiva y del trabajo	Asesoría PRIC virtual con la Médica Gisel	COMPLETADA	MEDIA	2025-10-31 00:00:00+00	\N	4	19	1	{"nit": "890801517.0", "linea": "L\\u00ednea Prevenci\\u00f3n y Gesti\\u00f3n del ATEL", "programa": "Programa Estilo de Vida Saludable", "componente": "Estandarizaci\\u00f3n", "actividad": "Asesor\\u00eda en medicina preventiva y del trabajo", "ciudad_desarrollo": "Virtual", "detalle_actividad": "Asesor\\u00eda PRIC virtual con la M\\u00e9dica Gisel", "entregables": "Informe de Prestaci\\u00f3n de Servicios / Informe Tipo A", "tipo_actividad": "Asesor\\u00eda", "nro_os": "1770876.0", "horas_asignadas": 4, "horas_pendientes": 2, "dis_responsable": "Alejandra Tellez", "asesor_asignado": "Gisela", "observaciones": "FACTURADA(2H-28/07/2025)", "fecha_final": "2025-10-31T00:00:00", "fecha_asignacion": "2025-05-26T00:00:00", "empresa": "ESE HOSPITAL SANTA TERESITA"}	2025-09-16 03:49:49.515411+00	2025-09-19 16:24:44.005664+00
26	Capacitación Introducción a la seguridad vial Legal y Técnico	Capacitación Introducción a la seguridad vial Legal y Técnico: capacitación en el programa de seguridad vial en comportamiento humano.	PENDIENTE	MEDIA	2025-11-30 00:00:00+00	\N	4	19	1	{"nit": "10227058.0", "linea": "L\\u00ednea Prevenci\\u00f3n y Gesti\\u00f3n del ATEL", "programa": "Programa Seguridad Vial", "componente": "Formaci\\u00f3n", "actividad": "Capacitaci\\u00f3n Introducci\\u00f3n a la seguridad vial Legal y T\\u00e9cnico", "ciudad_desarrollo": "Manizales", "detalle_actividad": "Capacitaci\\u00f3n Introducci\\u00f3n a la seguridad vial Legal y T\\u00e9cnico: capacitaci\\u00f3n en el programa de seguridad vial en comportamiento humano.", "entregables": "Informe de Prestaci\\u00f3n de Servicios / Registro de Asistencia Capacitaci\\u00f3n / Evaluaci\\u00f3n Sesi\\u00f3n de Capacitaci\\u00f3n", "tipo_actividad": "Capacitaci\\u00f3n", "nro_os": "1665389.0", "horas_asignadas": 5, "horas_pendientes": 2, "dis_responsable": "Omar David Loaiza", "asesor_asignado": "Maria Jos\\u00e9", "observaciones": "Oct 7(2H) / FACTURADA(1H-23/05/2025 / 2H-18/06/2025)", "fecha_final": "2025-11-30T00:00:00", "fecha_asignacion": "2025-03-17T00:00:00", "empresa": "FERNANDO JIMENEZ GARCIA"}	2025-09-16 03:49:49.515411+00	2025-09-19 16:24:44.005664+00
21	Asesoria en el Diseño Plan Estratégico de Seguridad Vial	Asesoría en el Diseño Plan Estratégico de Seguridad Vial: Asesoría y revisión documento y estándares de seguridad vial, gestión del riesgo y mantenimiento del programa.	COMPLETADA	MEDIA	2025-11-30 00:00:00+00	\N	4	19	1	{"nit": "901570913.0", "linea": "L\\u00ednea Prevenci\\u00f3n y Gesti\\u00f3n del ATEL", "programa": "Programa Seguridad Vial", "componente": "Estandarizaci\\u00f3n", "actividad": "Asesoria en el Dise\\u00f1o Plan Estrat\\u00e9gico de Seguridad Vial", "ciudad_desarrollo": "Manizales", "detalle_actividad": "Asesor\\u00eda en el Dise\\u00f1o Plan Estrat\\u00e9gico de Seguridad Vial: Asesor\\u00eda y revisi\\u00f3n documento y est\\u00e1ndares de seguridad vial, gesti\\u00f3n del riesgo y mantenimiento del programa.", "entregables": "Informe de Prestaci\\u00f3n de Servicios / Informe Tipo A", "tipo_actividad": "Asesor\\u00eda", "nro_os": "1865361.0", "horas_asignadas": 2, "horas_pendientes": 2, "dis_responsable": "Omar David Loaiza", "asesor_asignado": "Maria Jos\\u00e9", "observaciones": "Sep 16(2H)", "fecha_final": "2025-11-30T00:00:00", "fecha_asignacion": "2025-07-01T00:00:00", "empresa": "EL DESCUENTO MANIZALES S.A.S."}	2025-09-16 03:49:49.515411+00	2025-09-19 16:24:44.005664+00
23	Asesoria en el Diseño Plan Estratégico de Seguridad Vial	Orden por continuidad de No. de orden de servicio: 4201657764 Asesoría en el Diagnóstico Inicial PESV - Planificación, con el objetivo de dar un panorama general de lo que es seguridad vial en la técnica y en el contexto global que aborda la génesis del gerenciamiento integral en seguridad vial. Asesoría técnica y acompañamiento en el diagnóstico inicial de la estrategia de seguridad vial de la empresa, estableciendo la línea base para el fortalecimiento de las líneas de acciones que hacen parte del cumplimiento de la normatividad vigente (SST y seguridad vial) y de las buenas prácticas en seguridad vial. Asesoría y acompañamiento en el diseño del Programa de Gestión del Riesgo vial o del PESV. Asesoría técnica y acompañamiento para el fortalecimiento o diseño de las diferentes estrategias asociadas al control operacional del plan de seguridad vial, que permita gestionar los riesgos identificados, cumplir los requisitos legales y otros requisitos aplicables, con la finalidad de ser ...	COMPLETADA	MEDIA	2025-11-30 00:00:00+00	\N	4	2	1	{"nit": "901806035.0", "linea": "L\\u00ednea Prevenci\\u00f3n y Gesti\\u00f3n del ATEL", "programa": "Programa Seguridad Vial", "componente": "Estandarizaci\\u00f3n", "actividad": "Asesoria en el Dise\\u00f1o Plan Estrat\\u00e9gico de Seguridad Vial", "ciudad_desarrollo": "Manizales", "detalle_actividad": "Orden por continuidad de No. de orden de servicio: 4201657764 Asesor\\u00eda en el Diagn\\u00f3stico Inicial PESV - Planificaci\\u00f3n, con el objetivo de dar un panorama general de lo que es seguridad vial en la t\\u00e9cnica y en el contexto global que aborda la g\\u00e9nesis del gerenciamiento integral en seguridad vial. Asesor\\u00eda t\\u00e9cnica y acompa\\u00f1amiento en el diagn\\u00f3stico inicial de la estrategia de seguridad vial de la empresa, estableciendo la l\\u00ednea base para el fortalecimiento de las l\\u00edneas de acciones que hacen parte del cumplimiento de la normatividad vigente (SST y seguridad vial) y de las buenas pr\\u00e1cticas en seguridad vial. Asesor\\u00eda y acompa\\u00f1amiento en el dise\\u00f1o del Programa de Gesti\\u00f3n del Riesgo vial o del PESV. Asesor\\u00eda t\\u00e9cnica y acompa\\u00f1amiento para el fortalecimiento o dise\\u00f1o de las diferentes estrategias asociadas al control operacional del plan de seguridad vial, que permita gestionar los riesgos identificados, cumplir los requisitos legales y otros requisitos aplicables, con la finalidad de ser congruentes con el direccionamiento estrat\\u00e9gico de la empresa.Asesor\\u00eda t\\u00e9cnica y acompa\\u00f1amiento en el diagn\\u00f3stico inicial de la estrategia de seguridad vial de la empresa, estableciendo la l\\u00ednea base para el fortalecimiento de las l\\u00edneas de acciones que hacen parte del cumplimiento de la normatividad vigente (SST y seguridad vial) y de las buenas pr\\u00e1cticas en seguridad vial. Asesor\\u00eda y acompa\\u00f1amiento en el dise\\u00f1o del Programa de Gesti\\u00f3n del Riesgo vial o del PESV. Asesor\\u00eda t\\u00e9cnica y acompa\\u00f1amiento para el fortalecimiento o dise\\u00f1o de las diferentes estrategias asociadas al control operacional del plan de seguridad vial, que permita gestionar los riesgos identificados, cumplir los requisitos legales y otros requisitos aplicables, con la finalidad de ser congruentes con el direccionamiento estrat\\u00e9gico de la empresa.", "entregables": "Informe de Prestaci\\u00f3n de Servicios / Informe Tipo A", "tipo_actividad": "Asesor\\u00eda", "nro_os": "1862775.0", "horas_asignadas": 6, "horas_pendientes": 4, "dis_responsable": "Alejandra Tellez", "asesor_asignado": "Maria Jos\\u00e9", "observaciones": "Sep 9(2H) / FACTURADA(2H-31/07/2025)", "fecha_final": "2025-11-30T00:00:00", "fecha_asignacion": "2025-06-25T00:00:00", "empresa": "EL GURU NUTRICIONAL S.A.S"}	2025-09-16 03:49:49.515411+00	2025-09-19 16:24:44.005664+00
24	Asesoria en el Diseño Plan Estratégico de Seguridad Vial	Asesoria Virtual, Asesoría en el Diagnóstico Inicial PESV - Planificación, con el objetivo de dar un panorama general de lo que es seguridad vial en la técnica y en el contexto global que aborda la génesis del gerenciamiento integral en seguridad vial. Asesoría técnica y acompañamiento en el diagnóstico inicial de la estrategia de seguridad vial de la empresa, estableciendo la línea base para el fortalecimiento de las líneas de acciones que hacen parte del cumplimiento de la normatividad vigente (SST y seguridad vial) y de las buenas prácticas en seguridad vial. Asesoría y acompañamiento en el diseño del Programa de Gestión del Riesgo vial o del PESV. Asesoría técnica y acompañamiento para el fortalecimiento o diseño de las diferentes estrategias asociadas al control operacional del plan de seguridad vial, que permita gestionar los riesgos identificados, cumplir los requisitos legales y otros requisitos aplicables, con la finalidad de ser congruentes con el direccionamiento estratég...	COMPLETADA	MEDIA	2025-09-05 00:00:00+00	\N	4	2	1	{"nit": "890802961.0", "linea": "L\\u00ednea Prevenci\\u00f3n y Gesti\\u00f3n del ATEL", "programa": "Programa Seguridad Vial", "componente": "Estandarizaci\\u00f3n", "actividad": "Asesoria en el Dise\\u00f1o Plan Estrat\\u00e9gico de Seguridad Vial", "ciudad_desarrollo": "Saman\\u00e1", "detalle_actividad": "Asesoria Virtual, Asesor\\u00eda en el Diagn\\u00f3stico Inicial PESV - Planificaci\\u00f3n, con el objetivo de dar un panorama general de lo que es seguridad vial en la t\\u00e9cnica y en el contexto global que aborda la g\\u00e9nesis del gerenciamiento integral en seguridad vial. Asesor\\u00eda t\\u00e9cnica y acompa\\u00f1amiento en el diagn\\u00f3stico inicial de la estrategia de seguridad vial de la empresa, estableciendo la l\\u00ednea base para el fortalecimiento de las l\\u00edneas de acciones que hacen parte del cumplimiento de la normatividad vigente (SST y seguridad vial) y de las buenas pr\\u00e1cticas en seguridad vial. Asesor\\u00eda y acompa\\u00f1amiento en el dise\\u00f1o del Programa de Gesti\\u00f3n del Riesgo vial o del PESV. Asesor\\u00eda t\\u00e9cnica y acompa\\u00f1amiento para el fortalecimiento o dise\\u00f1o de las diferentes estrategias asociadas al control operacional del plan de seguridad vial, que permita gestionar los riesgos identificados, cumplir los requisitos legales y otros requisitos aplicables, con la finalidad de ser congruentes con el direccionamiento estrat\\u00e9gico de la empresa.", "entregables": "Informe de Prestaci\\u00f3n de Servicios / Informe Tipo A", "tipo_actividad": "Asesor\\u00eda", "nro_os": "1684347.0", "horas_asignadas": 8, "horas_pendientes": 5, "dis_responsable": "Alejandra Tellez", "asesor_asignado": "Maria Jos\\u00e9", "observaciones": "Sep 26(2H) / FACTURADA(3H-27/07/2025", "fecha_final": "2025-09-05T00:00:00", "fecha_asignacion": "2025-04-11T00:00:00", "empresa": "ESE HOSPITAL SAN JOSE DE SAMANA"}	2025-09-16 03:49:49.515411+00	2025-09-19 16:24:44.005664+00
27	Asesoría en medicina preventiva y del trabajo	Asesoría en medicina preventiva y del trabajo: Valoración por el médico especialista pertinente y definición del plan de rehabilitación, Recuperación de la función perdida. Programa terapéutico específico, Proceso de reintegro o reubicación laboral según el caso Finalización del proceso de rehabilitación; Informe final.	COMPLETADA	MEDIA	2025-11-30 00:00:00+00	\N	4	19	1	{"nit": "10227058.0", "linea": "L\\u00ednea Prevenci\\u00f3n y Gesti\\u00f3n del ATEL", "programa": "Programa Estilo de Vida Saludable", "componente": "Estandarizaci\\u00f3n", "actividad": "Asesor\\u00eda en medicina preventiva y del trabajo", "ciudad_desarrollo": "Manizales", "detalle_actividad": "Asesor\\u00eda en medicina preventiva y del trabajo: Valoraci\\u00f3n por el m\\u00e9dico especialista pertinente y definici\\u00f3n del plan de rehabilitaci\\u00f3n, Recuperaci\\u00f3n de la funci\\u00f3n perdida. Programa terap\\u00e9utico espec\\u00edfico, Proceso de reintegro o reubicaci\\u00f3n laboral seg\\u00fan el caso Finalizaci\\u00f3n del proceso de rehabilitaci\\u00f3n; Informe final.", "entregables": "Informe de Prestaci\\u00f3n de Servicios / Informe Tipo A", "tipo_actividad": "Asesor\\u00eda", "nro_os": "1665736.0", "horas_asignadas": 8, "horas_pendientes": 6, "dis_responsable": "Omar David Loaiza", "asesor_asignado": "Otoniel", "observaciones": "Oct 3(2H) / FACTURADA(2H)", "fecha_final": "2025-11-30T00:00:00", "fecha_asignacion": "2025-03-21T00:00:00", "empresa": "FERNANDO JIMENEZ GARCIA"}	2025-09-16 03:49:49.515411+00	2025-09-19 16:24:44.005664+00
32	Asesoria en el Diseño Plan Estratégico de Seguridad Vial	Asesoría en el Diseño Plan Estratégico de Seguridad Vial: Actualización programa de seguridad vial Asesoría técnica y acompañamiento para el fortalecimiento o diseño de las diferentes estrategias asociadas al control operacional del plan de seguridad vial, que permita gestionar los riesgos identificados, cumplir los requisitos legales y otros requisitos aplicables, así mismo, se asesora en la implementación de los mecanismos de acciones preventivas, correctivas y de mejora, como buena práctica para prevenir y reducir las desviaciones manejo defensivo y normas viales.	PENDIENTE	MEDIA	2025-11-30 00:00:00+00	\N	4	19	1	{"nit": "810006133.0", "linea": "L\\u00ednea Prevenci\\u00f3n y Gesti\\u00f3n del ATEL", "programa": "Programa Seguridad Vial", "componente": "Estandarizaci\\u00f3n", "actividad": "Asesoria en el Dise\\u00f1o Plan Estrat\\u00e9gico de Seguridad Vial", "ciudad_desarrollo": "Manizales", "detalle_actividad": "Asesor\\u00eda en el Dise\\u00f1o Plan Estrat\\u00e9gico de Seguridad Vial: Actualizaci\\u00f3n programa de seguridad vial Asesor\\u00eda t\\u00e9cnica y acompa\\u00f1amiento para el fortalecimiento o dise\\u00f1o de las diferentes estrategias asociadas al control operacional del plan de seguridad vial, que permita gestionar los riesgos identificados, cumplir los requisitos legales y otros requisitos aplicables, as\\u00ed mismo, se asesora en la implementaci\\u00f3n de los mecanismos de acciones preventivas, correctivas y de mejora, como buena pr\\u00e1ctica para prevenir y reducir las desviaciones manejo defensivo y normas viales.", "entregables": "Informe de Prestaci\\u00f3n de Servicios / Informe Tipo A", "tipo_actividad": "Asesor\\u00eda", "nro_os": "1839528.0", "horas_asignadas": 4, "horas_pendientes": 0, "dis_responsable": "Omar David Loaiza", "asesor_asignado": "Maria Jos\\u00e9", "observaciones": "A Autorizaci\\u00f3n(4H-05/09/2025)", "fecha_final": "2025-11-30T00:00:00", "fecha_asignacion": "2025-06-18T00:00:00", "empresa": "GOMAR S.A."}	2025-09-16 03:49:49.515411+00	2025-09-19 16:24:44.005664+00
41	Capacitación Introducción a la seguridad vial Legal y Técnico	Capacitación a conductores en Velocidad segura, fatiga, distracción, Cero tolerancia alcohol y drogas, protección actores vulnerables. Y todo el personal seguridad vial.	PENDIENTE	MEDIA	2025-12-05 00:00:00+00	\N	4	19	1	{"nit": "890805503.0", "linea": "L\\u00ednea Prevenci\\u00f3n y Gesti\\u00f3n del ATEL", "programa": "Programa Seguridad Vial", "componente": "Formaci\\u00f3n", "actividad": "Capacitaci\\u00f3n Introducci\\u00f3n a la seguridad vial Legal y T\\u00e9cnico", "ciudad_desarrollo": "Manizales", "detalle_actividad": "Capacitaci\\u00f3n a conductores en Velocidad segura, fatiga, distracci\\u00f3n, Cero tolerancia alcohol y drogas, protecci\\u00f3n actores vulnerables. Y todo el personal seguridad vial.", "entregables": "Informe de Prestaci\\u00f3n de Servicios / Registro de Asistencia Capacitaci\\u00f3n / Evaluaci\\u00f3n Sesi\\u00f3n de Capacitaci\\u00f3n", "tipo_actividad": "Capacitaci\\u00f3n", "nro_os": "1637951.0", "horas_asignadas": 7, "horas_pendientes": 3, "dis_responsable": "Alejandra Tellez", "asesor_asignado": "Ana", "observaciones": "Oct 1(3H) / FACTURADA(2H/31/07/2025 / 2H-27/08/2025)  SE ENVIA CORREO EL CLIENTE CON LAS FECHAS MENCIONDAS Y EL CLIENTE CONFIRMA LAS MISMAS", "fecha_final": "2025-12-05T00:00:00", "fecha_asignacion": "2025-02-21T00:00:00", "empresa": "LA SUIZA MANIZALES S.A.S"}	2025-09-16 03:49:49.515411+00	2025-09-19 16:24:44.005664+00
49	Asesoria para diseño de profesiograma	Pensilvania: Se requiere asesoría/actualización para documento del Profesiograma. Ser confirmada primer semana de Abril. *ALIADO CONTACTAR AL CLIENTE PARA CONFIRMAR DIA Y HORA	COMPLETADA	MEDIA	2025-11-30 00:00:00+00	\N	4	19	1	{"nit": "860029097.0", "linea": "L\\u00ednea Acompa\\u00f1amiento Legal y de Gesti\\u00f3n", "programa": "Programa SGSST-ILO", "componente": "Estandarizaci\\u00f3n", "actividad": "Asesoria para dise\\u00f1o de profesiograma", "ciudad_desarrollo": "Pensilvania", "detalle_actividad": "Pensilvania: Se requiere asesor\\u00eda/actualizaci\\u00f3n para documento del Profesiograma. Ser confirmada primer semana de Abril. *ALIADO CONTACTAR AL CLIENTE PARA CONFIRMAR DIA Y HORA", "entregables": "Informe de Prestaci\\u00f3n de Servicios / Informe Tipo A / Informe Tipo B", "tipo_actividad": "Asesor\\u00eda", "nro_os": "1676158.0", "horas_asignadas": 8, "horas_pendientes": 3, "dis_responsable": "Luis Diaz", "asesor_asignado": "Otoniel", "observaciones": "Ago 8(1H) / May 12(2H) / FACTURADA(5H-23/05/2025)", "fecha_final": "2025-11-30T00:00:00", "fecha_asignacion": "2025-03-31T00:00:00", "empresa": "PRO ORIENTE S A S"}	2025-09-16 03:49:49.515411+00	2025-09-19 16:24:44.005664+00
51	Presentación o asesoria del SVE para la Conservación Auditiva	Asesoría elaboración SVE Ruido	PENDIENTE	MEDIA	2025-12-31 00:00:00+00	\N	4	19	1	{"nit": "901258022.0", "linea": "L\\u00ednea Prevenci\\u00f3n y Gesti\\u00f3n del ATEL", "programa": "Sistema Vigilancia Epidemiol\\u00f3gica Conservaci\\u00f3n Auditiva", "componente": "Entendimiento", "actividad": "Presentaci\\u00f3n o asesoria del SVE para la Conservaci\\u00f3n Auditiva", "ciudad_desarrollo": "Manizales", "detalle_actividad": "Asesor\\u00eda elaboraci\\u00f3n SVE Ruido", "entregables": "Informe de Prestaci\\u00f3n de Servicios / Registro de Asistencia Capacitaci\\u00f3n / Evaluaci\\u00f3n Sesi\\u00f3n de Capacitaci\\u00f3n / Informe tipo A", "tipo_actividad": "Asesor\\u00eda", "nro_os": "1671398.0", "horas_asignadas": 6, "horas_pendientes": 4, "dis_responsable": "Omar David Loaiza", "asesor_asignado": "Gisela", "observaciones": "Jul 24(2H) / FACTURADA(2H-27/07/2025)", "fecha_final": "2025-12-31T00:00:00", "fecha_asignacion": "2025-03-27T00:00:00", "empresa": "PROYECTOS Y OBRAS INGENIERIA S A S"}	2025-09-16 03:49:49.515411+00	2025-09-19 16:24:44.005664+00
28	Asesoria en el Diseño Plan Estratégico de Seguridad Vial	Asesoría en el Diseño Plan Estratégico de Seguridad Vial: Asesoría documental PESV	COMPLETADA	MEDIA	2025-11-30 00:00:00+00	\N	4	2	1	{"nit": "10227058.0", "linea": "L\\u00ednea Prevenci\\u00f3n y Gesti\\u00f3n del ATEL", "programa": "Programa Seguridad Vial", "componente": "Estandarizaci\\u00f3n", "actividad": "Asesoria en el Dise\\u00f1o Plan Estrat\\u00e9gico de Seguridad Vial", "ciudad_desarrollo": "Manizales", "detalle_actividad": "Asesor\\u00eda en el Dise\\u00f1o Plan Estrat\\u00e9gico de Seguridad Vial: Asesor\\u00eda documental PESV", "entregables": "Informe de Prestaci\\u00f3n de Servicios / Informe Tipo A", "tipo_actividad": "Asesor\\u00eda", "nro_os": "1716320.0", "horas_asignadas": 5, "horas_pendientes": 2, "dis_responsable": "Omar David Loaiza", "asesor_asignado": "Maria Jos\\u00e9", "observaciones": "Sep 29(2H) / FACTURADA(3H-12/06/2025)", "fecha_final": "2025-11-30T00:00:00", "fecha_asignacion": "2025-04-29T00:00:00", "empresa": "FERNANDO JIMENEZ GARCIA"}	2025-09-16 03:49:49.515411+00	2025-09-19 16:24:44.005664+00
29	Asesoría en medicina preventiva y del trabajo	Asesorar la implementación del PRIC programa permite alinear el manejo de los casos de accidente o enfermedad laboral que se puedan presentar en la empresa a través de las actividades del ciclo de mejora continua PHVA y gestionar de manera efectiva el apoyo requerido como organización para garantizar la evolución positiva del estado de salud Resolución 3050 de 2022	COMPLETADA	MEDIA	2025-11-30 00:00:00+00	\N	4	2	1	{"nit": "810001305.0", "linea": "L\\u00ednea Prevenci\\u00f3n y Gesti\\u00f3n del ATEL", "programa": "Programa Estilo de Vida Saludable", "componente": "Estandarizaci\\u00f3n", "actividad": "Asesor\\u00eda en medicina preventiva y del trabajo", "ciudad_desarrollo": "Manizales", "detalle_actividad": "Asesorar la implementaci\\u00f3n del PRIC programa permite alinear el manejo de los casos de accidente o enfermedad laboral que se puedan presentar en la empresa a trav\\u00e9s de las actividades del ciclo de mejora continua PHVA y gestionar de manera efectiva el apoyo requerido como organizaci\\u00f3n para garantizar la evoluci\\u00f3n positiva del estado de salud Resoluci\\u00f3n 3050 de 2022", "entregables": "Informe de Prestaci\\u00f3n de Servicios / Informe Tipo A", "tipo_actividad": "Asesor\\u00eda", "nro_os": "1631762.0", "horas_asignadas": 3, "horas_pendientes": 0, "dis_responsable": "Alejandra Tellez", "asesor_asignado": "Gisela", "observaciones": "CORREGIDA(2H-13/07/2025) / FACTURADA(1H-13/07/2025)", "fecha_final": "2025-11-30T00:00:00", "fecha_asignacion": "0205-02-13T00:00:00", "empresa": "FUNDACI\\u00d3N ECOL\\u00d3GICA CAFETERA - FEC"}	2025-09-16 03:49:49.515411+00	2025-09-19 16:24:44.005664+00
30	Capacitación trabajadores en SG SST	Capacitación virtual sobre IPEVR	PENDIENTE	MEDIA	2025-11-30 00:00:00+00	\N	4	19	1	{"nit": "900716591.0", "linea": "L\\u00ednea Acompa\\u00f1amiento Legal y de Gesti\\u00f3n", "programa": "Programa SGSST-ILO", "componente": "Formaci\\u00f3n", "actividad": "Capacitaci\\u00f3n trabajadores en SG SST", "ciudad_desarrollo": "Manizales", "detalle_actividad": "Capacitaci\\u00f3n virtual sobre IPEVR", "entregables": "Informe de Prestaci\\u00f3n de Servicios / Registro de Asistencia Capacitaci\\u00f3n / Evaluaci\\u00f3n Sesi\\u00f3n de Capacitaci\\u00f3n /", "tipo_actividad": "Capacitaci\\u00f3n", "nro_os": "1938182.0", "horas_asignadas": 1, "horas_pendientes": 1, "dis_responsable": "Omar David Loaiza", "asesor_asignado": "Luz", "observaciones": null, "fecha_final": "2025-11-30T00:00:00", "fecha_asignacion": "2025-09-08T00:00:00", "empresa": "FUNDACION VALOR  A  COLOMBIA"}	2025-09-16 03:49:49.515411+00	2025-09-19 16:24:44.005664+00
31	Asesoría en medicina preventiva y del trabajo	Asesoría en el Programa de Rehabilitación integral empresarial para la reincorporación laboral, incluyendo la gestión y seguimiento de Casos ATEL de los diferentes roles involucrados que por criterios técnicos de inclusión se encuentran capturados en el programa de rehabilitación integral de Colmena, su rehabilitación, reincorporación y cierre, hasta la definición de planes de mejora concretos del programa que permitan la retroalimentación sistemática de información en un ciclo de mejora continua para todos los actores que hacemos parte del programa.	COMPLETADA	MEDIA	2025-11-30 00:00:00+00	\N	4	19	1	{"nit": "800228515.0", "linea": "L\\u00ednea Prevenci\\u00f3n y Gesti\\u00f3n del ATEL", "programa": "Programa Estilo de Vida Saludable", "componente": "Estandarizaci\\u00f3n", "actividad": "Asesor\\u00eda en medicina preventiva y del trabajo", "ciudad_desarrollo": "Manizales", "detalle_actividad": "Asesor\\u00eda en el Programa de Rehabilitaci\\u00f3n integral empresarial para la reincorporaci\\u00f3n laboral, incluyendo la gesti\\u00f3n y seguimiento de Casos ATEL de los diferentes roles involucrados que por criterios t\\u00e9cnicos de inclusi\\u00f3n se encuentran capturados en el programa de rehabilitaci\\u00f3n integral de Colmena, su rehabilitaci\\u00f3n, reincorporaci\\u00f3n y cierre, hasta la definici\\u00f3n de planes de mejora concretos del programa que permitan la retroalimentaci\\u00f3n sistem\\u00e1tica de informaci\\u00f3n en un ciclo de mejora continua para todos los actores que hacemos parte del programa.", "entregables": "Informe de Prestaci\\u00f3n de Servicios / Informe Tipo A", "tipo_actividad": "Asesor\\u00eda", "nro_os": "1662283.0", "horas_asignadas": 4, "horas_pendientes": 0, "dis_responsable": "Omar David Loaiza", "asesor_asignado": "Gisela", "observaciones": "CORREGIDA(1H-28/07/2025) / FACTURADA(2H-21/07/2025 / 1H-01/08/2025)", "fecha_final": "2025-11-30T00:00:00", "fecha_asignacion": "2025-03-14T00:00:00", "empresa": "GLOBAL ASTI S.A.S"}	2025-09-16 03:49:49.515411+00	2025-09-19 16:24:44.005664+00
60	Asesoría en el control de los peligros Mecánicos (Eliminación, Sustitución, Controles de Ingeniería, Controles Administrativo, señalización, advertencia y Elementos de Protección Personal)	Empresa: ASOCIACION CABLE AEREO MANIZALES - Código: 0-PA-PGCIA-AC-304-7	PENDIENTE	MEDIA	2025-09-24 00:00:00+00	\N	5	25	1	{"nit": "900315506.0", "codigo": "0-PA-PGCIA-AC-304-7", "actividad": "Asesor\\u00eda en el control de los peligros Mec\\u00e1nicos (Eliminaci\\u00f3n, Sustituci\\u00f3n, Controles de Ingenier\\u00eda, Controles Administrativo, se\\u00f1alizaci\\u00f3n, advertencia y Elementos de Protecci\\u00f3n Personal)", "no_aut": "20426-1", "id_actividad": "683384.0", "mes": "AGO", "horas_asignadas": 3, "pendientes_registrar_app": 3, "eis": "Javier", "asesor": "Carlos", "estado_detallado": "Sin Programar", "observaciones": null, "fecha_autorizacion": "2025-08-25T00:00:00", "fecha_maxima_ejecucion": "2025-09-24T00:00:00", "fecha_asignacion": "2025-08-27T00:00:00", "empresa": "ASOCIACION CABLE AEREO MANIZALES"}	2025-09-16 03:49:49.920576+00	2025-09-19 16:24:44.005664+00
45	Capacitación en seguridad industrial	Capacitación en seguridad industrial Empresas Sector PYME: Capacitación en manejo seguro de cargas Empresa JAIRO VILLEGAS ARANGO 2 Horas Capacitación en manejo seguro de cargas e higiene postural basico Empresa INVERSIONES FUTURAMA DE CALDAS S.A.S 2 horas Capacitación en riesgos locativos Empresa BALDOSAS DEL NORTE LIMITADA 2 horas Capacitacion en riesgo locativo - Almacenamiento de materiales Empresa SUMINISTROS HOSPITALARIOS DEL EJE CAFETERO LTDA 2 horas	COMPLETADA	MEDIA	2025-11-28 00:00:00+00	\N	4	2	1	{"nit": "999990006.0", "linea": "L\\u00ednea Prevenci\\u00f3n y Gesti\\u00f3n del ATEL", "programa": "Programa Atenea", "componente": "Formaci\\u00f3n", "actividad": "Capacitaci\\u00f3n en seguridad industrial", "ciudad_desarrollo": "Manizales", "detalle_actividad": "Capacitaci\\u00f3n en seguridad industrial Empresas Sector PYME: Capacitaci\\u00f3n en manejo seguro de cargas Empresa JAIRO VILLEGAS ARANGO 2 Horas Capacitaci\\u00f3n en manejo seguro de cargas e higiene postural basico Empresa INVERSIONES FUTURAMA DE CALDAS S.A.S 2 horas Capacitaci\\u00f3n en riesgos locativos Empresa BALDOSAS DEL NORTE LIMITADA 2 horas Capacitacion en riesgo locativo - Almacenamiento de materiales Empresa SUMINISTROS HOSPITALARIOS DEL EJE CAFETERO LTDA 2 horas", "entregables": "Informe de Prestaci\\u00f3n de Servicios / Registro de Asistencia Capacitaci\\u00f3n / Evaluaci\\u00f3n Sesi\\u00f3n de Capacitaci\\u00f3n / Soporte de pago de seguridad social", "tipo_actividad": "Capacitaci\\u00f3n", "nro_os": "1875976.0", "horas_asignadas": 8, "horas_pendientes": 0, "dis_responsable": "Natalia Aranzazu", "asesor_asignado": "Carlos Eduardo", "observaciones": "Se contactaron empresas, aun sin programaci\\u00f3n (suministros hospitalarios Ago 22 (2H-Informes en el drive), (Baldosas del norte Ago 14 (2H)-Informes en el drive), Inversiones FUTURAMA Sep 5(2 H Chinchin\\u00e1)-Informes en el drive), Jairo Villegas Arango Sep 4 (2H) Informes en el drive)", "fecha_final": "2025-11-28T00:00:00", "fecha_asignacion": "2025-07-16T00:00:00", "empresa": "MANEJO DE SUCURSAL - MANIZALES"}	2025-09-16 03:49:49.515411+00	2025-09-19 16:24:44.005664+00
46	Asesoria en el Diseño Plan Estratégico de Seguridad Vial	Asesoria en el Plan Estratégico de Seguridad Vial.	COMPLETADA	MEDIA	2025-11-07 00:00:00+00	\N	4	2	1	{"nit": "10273552.0", "linea": "L\\u00ednea Prevenci\\u00f3n y Gesti\\u00f3n del ATEL", "programa": "Programa Seguridad Vial", "componente": "Estandarizaci\\u00f3n", "actividad": "Asesoria en el Dise\\u00f1o Plan Estrat\\u00e9gico de Seguridad Vial", "ciudad_desarrollo": "Manizales", "detalle_actividad": "Asesoria en el Plan Estrat\\u00e9gico de Seguridad Vial.", "entregables": "Informe de Prestaci\\u00f3n de Servicios / Informe Tipo A", "tipo_actividad": "Asesor\\u00eda", "nro_os": "1722008.0", "horas_asignadas": 6, "horas_pendientes": 3, "dis_responsable": "Alejandra Tellez", "asesor_asignado": "Maria Jos\\u00e9", "observaciones": "Sep 25(3H) / FACTURADA(3H-16/06/2025)", "fecha_final": "2025-11-07T00:00:00", "fecha_asignacion": "2025-05-08T00:00:00", "empresa": "MAURICIO SALAZAR SIERRA"}	2025-09-16 03:49:49.515411+00	2025-09-19 16:24:44.005664+00
47	Asesoría en fomentos de estilo de vida saludable	Asesoría programa es estilos de vida saludable y con riesgo cardiovascular.	COMPLETADA	MEDIA	2025-10-31 00:00:00+00	\N	4	19	1	{"nit": "10273552.0", "linea": "L\\u00ednea Prevenci\\u00f3n y Gesti\\u00f3n del ATEL", "programa": "Programa Estilo de Vida Saludable", "componente": "Estandarizaci\\u00f3n", "actividad": "Asesor\\u00eda en fomentos de estilo de vida saludable", "ciudad_desarrollo": "Manizales", "detalle_actividad": "Asesor\\u00eda programa es estilos de vida saludable y con riesgo cardiovascular.", "entregables": "Informe de Prestaci\\u00f3n de Servicios / Informe Tipo A", "tipo_actividad": "Asesor\\u00eda", "nro_os": "1746829.0", "horas_asignadas": 8, "horas_pendientes": 0, "dis_responsable": "Alejandra Tellez", "asesor_asignado": "Otoniel", "observaciones": "A Autorizaci\\u00f3n(8H-04/09/2025)", "fecha_final": "2025-10-31T00:00:00", "fecha_asignacion": "2025-05-15T00:00:00", "empresa": "MAURICIO SALAZAR SIERRA"}	2025-09-16 03:49:49.515411+00	2025-09-19 16:24:44.005664+00
48	Asesoría en medicina preventiva y del trabajo	Asesoría en el Programa de Rehabilitación integral empresarial para la reincorporación laboral, incluyendo la gestión y seguimiento de Casos ATEL de los diferentes roles involucrados que por criterios técnicos de inclusión se encuentran capturados en el programa de rehabilitación integral de Colmena, su rehabilitación, reincorporación y cierre, hasta la definición de planes de mejora concretos del programa que permitan la retroalimentación sistemática de información en un ciclo de mejora continua para todos los actores que hacemos parte del programa.	COMPLETADA	MEDIA	2025-11-30 00:00:00+00	\N	4	12	1	{"nit": "901180517.0", "linea": "L\\u00ednea Prevenci\\u00f3n y Gesti\\u00f3n del ATEL", "programa": "Programa Estilo de Vida Saludable", "componente": "Estandarizaci\\u00f3n", "actividad": "Asesor\\u00eda en medicina preventiva y del trabajo", "ciudad_desarrollo": "Manizales", "detalle_actividad": "Asesor\\u00eda en el Programa de Rehabilitaci\\u00f3n integral empresarial para la reincorporaci\\u00f3n laboral, incluyendo la gesti\\u00f3n y seguimiento de Casos ATEL de los diferentes roles involucrados que por criterios t\\u00e9cnicos de inclusi\\u00f3n se encuentran capturados en el programa de rehabilitaci\\u00f3n integral de Colmena, su rehabilitaci\\u00f3n, reincorporaci\\u00f3n y cierre, hasta la definici\\u00f3n de planes de mejora concretos del programa que permitan la retroalimentaci\\u00f3n sistem\\u00e1tica de informaci\\u00f3n en un ciclo de mejora continua para todos los actores que hacemos parte del programa.", "entregables": "Informe de Prestaci\\u00f3n de Servicios / Informe Tipo A", "tipo_actividad": "Asesor\\u00eda", "nro_os": "1688188.0", "horas_asignadas": 2, "horas_pendientes": 0, "dis_responsable": "Omar David Loaiza", "asesor_asignado": "Gisela", "observaciones": "DEVUELTA(2H-28/07/2025) / Archivo repetido, equivocaci\\u00f3n en soportes subidos", "fecha_final": "2025-11-30T00:00:00", "fecha_asignacion": "2025-04-21T00:00:00", "empresa": "ONCREDIT S.A.S."}	2025-09-16 03:49:49.515411+00	2025-09-19 16:24:44.005664+00
50	Asesoria para diseño de profesiograma	Asesoría en la revisión del profesiograma	COMPLETADA	MEDIA	2025-08-31 00:00:00+00	\N	4	19	1	{"nit": "890803560.0", "linea": "L\\u00ednea Acompa\\u00f1amiento Legal y de Gesti\\u00f3n", "programa": "Programa SGSST-ILO", "componente": "Estandarizaci\\u00f3n", "actividad": "Asesoria para dise\\u00f1o de profesiograma", "ciudad_desarrollo": "Manizales", "detalle_actividad": "Asesor\\u00eda en la revisi\\u00f3n del profesiograma", "entregables": "Informe de Prestaci\\u00f3n de Servicios / Informe Tipo A", "tipo_actividad": "Asesor\\u00eda", "nro_os": "1684289.0", "horas_asignadas": 4, "horas_pendientes": 0, "dis_responsable": "Omar David Loaiza", "asesor_asignado": "Otoniel", "observaciones": "A Autorizaci\\u00f3n(2H-04/09/2025) / FACTURADA(2H-27/07/2025)", "fecha_final": "2025-08-31T00:00:00", "fecha_asignacion": "2025-04-11T00:00:00", "empresa": "PROCONCRETO PREFABRICADOS S.A.S."}	2025-09-16 03:49:49.515411+00	2025-09-19 16:24:44.005664+00
52	Capacitación Introducción a la seguridad vial Legal y Técnico	Capacitación a profesores del proyecto transversal movilidad segura.	COMPLETADA	MEDIA	2025-12-05 00:00:00+00	\N	4	2	1	{"nit": "800027167.0", "linea": "L\\u00ednea Prevenci\\u00f3n y Gesti\\u00f3n del ATEL", "programa": "Programa Seguridad Vial", "componente": "Formaci\\u00f3n", "actividad": "Capacitaci\\u00f3n Introducci\\u00f3n a la seguridad vial Legal y T\\u00e9cnico", "ciudad_desarrollo": "Manizales", "detalle_actividad": "Capacitaci\\u00f3n a profesores del proyecto transversal movilidad segura.", "entregables": "Informe de Prestaci\\u00f3n de Servicios / Registro de Asistencia Capacitaci\\u00f3n / Evaluaci\\u00f3n Sesi\\u00f3n de Capacitaci\\u00f3n", "tipo_actividad": "Capacitaci\\u00f3n", "nro_os": "1662146.0", "horas_asignadas": 2, "horas_pendientes": 2, "dis_responsable": "Alejandra Tellez", "asesor_asignado": "Maria Jos\\u00e9", "observaciones": "Sep 10(2H)", "fecha_final": "2025-12-05T00:00:00", "fecha_asignacion": "2025-03-14T00:00:00", "empresa": "SEMINARIO MENOR DE NUESTRA SENORA DEL ROSARIO"}	2025-09-16 03:49:49.515411+00	2025-09-19 16:24:44.005664+00
53	Capacitación Introducción a la seguridad vial Legal y Técnico	Capacitación en el PESV en: Tips para prevenir la fatiga 2 horas Responsabilidad Civil y Penal en los Accidentes de Transito 2 horas Habitos de Conduccion, antes durante y despues de la conduccion 2 horas Emergencias Viales 2 horas Sensibilizacion en seguridad vial, actores vulnerables 1 hora Inspeccion 4 horas	COMPLETADA	MEDIA	2025-11-28 00:00:00+00	\N	4	2	1	{"nit": "901202306.0", "linea": "L\\u00ednea Prevenci\\u00f3n y Gesti\\u00f3n del ATEL", "programa": "Programa Seguridad Vial", "componente": "Formaci\\u00f3n", "actividad": "Capacitaci\\u00f3n Introducci\\u00f3n a la seguridad vial Legal y T\\u00e9cnico", "ciudad_desarrollo": "Manizales", "detalle_actividad": "Capacitaci\\u00f3n en el PESV en: Tips para prevenir la fatiga 2 horas Responsabilidad Civil y Penal en los Accidentes de Transito 2 horas Habitos de Conduccion, antes durante y despues de la conduccion 2 horas Emergencias Viales 2 horas Sensibilizacion en seguridad vial, actores vulnerables 1 hora Inspeccion 4 horas", "entregables": "Informe de Prestaci\\u00f3n de Servicios / Registro de Asistencia Capacitaci\\u00f3n / Evaluaci\\u00f3n Sesi\\u00f3n de Capacitaci\\u00f3n / Soporte de pago de seguridad social", "tipo_actividad": "Capacitaci\\u00f3n", "nro_os": "1886519.0", "horas_asignadas": 13, "horas_pendientes": 0, "dis_responsable": "Alejandra Tellez", "asesor_asignado": "Ana", "observaciones": "A Autorizaci\\u00f3n(4H-05/09/2025) / A Autorizaci\\u00f3n(1H-05/09/2025) / A Autorizaci\\u00f3n(2H-05/09/2025) / FACTURADA(2h-27/08/2025 / 4h-27/08/2025)", "fecha_final": "2025-11-28T00:00:00", "fecha_asignacion": "2025-08-05T00:00:00", "empresa": "SINDICATO DE TRABAJADORES Y SERVIDORES DEL SISTEMA DE SALUD COLOMBIANO \\"SINTRASERSALUD\\""}	2025-09-16 03:49:49.515411+00	2025-09-19 16:24:44.005664+00
54	Asesoria inspecciones en seguridad industrial	Se requiere para el 28 de julio en la sede Manizales (Sede noviciado 6 trabajadores) Inspeccion de Seguridad general. Contactar al cliente 21 para confirmar datos del proveedor y logística de la actividad. * Se requiere hacer contacto con el cliente inmediatamente se publique la OS mínimo 5 días antes de la fecha de inicio de la actividad, ya que el cliente requiere confirmación para gestionar la logística de la actividad * Señor aliado se recomienda un profesional con puntualidad y buen dominio del tema de la actividad y disposición de servicio. *Se requiere socialización del informe de la actividad desarrollada con el cliente antes de radicarlo en el portal de la ARL, para evitar devoluciones por parte del cliente. ojo: Empresa en proceso de fidelización\nNota:	COMPLETADA	MEDIA	2025-07-28 00:00:00+00	\N	4	17	1	{"nit": "890902736.0", "linea": "L\\u00ednea Prevenci\\u00f3n y Gesti\\u00f3n del ATEL", "programa": "Programa Atenea", "componente": "Verificaci\\u00f3n", "actividad": "Asesoria inspecciones en seguridad industrial", "ciudad_desarrollo": "Manizales", "detalle_actividad": "Se requiere para el 28 de julio en la sede Manizales (Sede noviciado 6 trabajadores) Inspeccion de Seguridad general. Contactar al cliente 21 para confirmar datos del proveedor y log\\u00edstica de la actividad. * Se requiere hacer contacto con el cliente inmediatamente se publique la OS m\\u00ednimo 5 d\\u00edas antes de la fecha de inicio de la actividad, ya que el cliente requiere confirmaci\\u00f3n para gestionar la log\\u00edstica de la actividad * Se\\u00f1or aliado se recomienda un profesional con puntualidad y buen dominio del tema de la actividad y disposici\\u00f3n de servicio. *Se requiere socializaci\\u00f3n del informe de la actividad desarrollada con el cliente antes de radicarlo en el portal de la ARL, para evitar devoluciones por parte del cliente. ojo: Empresa en proceso de fidelizaci\\u00f3n\\nNota:", "entregables": "Informe de Prestaci\\u00f3n de Servicios / Informe tipo A por asesor\\u00eda / Informe tipo B", "tipo_actividad": "Asesor\\u00eda", "nro_os": "1878041.0", "horas_asignadas": 8, "horas_pendientes": 0, "dis_responsable": "Mar\\u00eda FPrieto", "asesor_asignado": "Carlos Eduardo", "observaciones": "AUTORIZADA(8H-05/08/2025)", "fecha_final": "2025-07-28T00:00:00", "fecha_asignacion": "2025-07-20T00:00:00", "empresa": "SOCIEDAD DEL DIVINO SALVADOR"}	2025-09-16 03:49:49.515411+00	2025-09-19 16:24:44.005664+00
55	Asesoria en el Diseño Plan Estratégico de Seguridad Vial	Asesoría en PESV	EN_PROGRESO	MEDIA	2025-11-30 00:00:00+00	\N	4	19	1	{"nit": "900319774.0", "linea": "L\\u00ednea Prevenci\\u00f3n y Gesti\\u00f3n del ATEL", "programa": "Programa Seguridad Vial", "componente": "Estandarizacion", "actividad": "Asesoria en el Dise\\u00f1o Plan Estrat\\u00e9gico de Seguridad Vial", "ciudad_desarrollo": "Manizales", "detalle_actividad": "Asesor\\u00eda en PESV", "entregables": "Informe de Prestaci\\u00f3n de Servicios / Informe Tipo A / Soporte de pago de seguridad social", "tipo_actividad": "Asesor\\u00eda", "nro_os": "1889632.0", "horas_asignadas": 4, "horas_pendientes": 2, "dis_responsable": "Omar David Loaiza", "asesor_asignado": "Maria Jos\\u00e9", "observaciones": "A Autorizaci\\u00f3n(2H-05/09/2025) / Sep 13(2H)", "fecha_final": "2025-11-30T00:00:00", "fecha_asignacion": "2025-08-12T00:00:00", "empresa": "SUPROKOM SAS"}	2025-09-16 03:49:49.515411+00	2025-09-19 16:24:44.005664+00
56	Asesoría obligaciones y deberes en el SG SST	Asesoría obligaciones y deberes en el SG SST: asesoría matriz de requisitos legales basados en matriz empresa y matriz producto.	PENDIENTE	MEDIA	2025-11-30 00:00:00+00	\N	4	5	1	{"nit": "901691169.0", "linea": "L\\u00ednea Acompa\\u00f1amiento Legal y de Gesti\\u00f3n", "programa": "Programa SGSST-ILO", "componente": "Entendimiento", "actividad": "Asesor\\u00eda obligaciones y deberes en el SG SST", "ciudad_desarrollo": "Villamaria", "detalle_actividad": "Asesor\\u00eda obligaciones y deberes en el SG SST: asesor\\u00eda matriz de requisitos legales basados en matriz empresa y matriz producto.", "entregables": "Informe de Prestaci\\u00f3n de Servicios / Informe tipo A", "tipo_actividad": "Asesor\\u00eda", "nro_os": "1840291.0", "horas_asignadas": 2, "horas_pendientes": 2, "dis_responsable": "Cesar Mora", "asesor_asignado": "Maria Jos\\u00e9", "observaciones": "La empresa ha tenido inconvenientes internos, me informan que apenas tengan fecha para la sesi\\u00f3n, me confirman", "fecha_final": "2025-11-30T00:00:00", "fecha_asignacion": "2025-06-18T00:00:00", "empresa": "TABUKIA S.A.S"}	2025-09-16 03:49:49.515411+00	2025-09-19 16:24:44.005664+00
57	Asesoría en medicina preventiva y del trabajo	Asesorar la implementación del PRIC programa permite alinear el manejo de los casos de accidente o enfermedad laboral que se puedan presentar en la empresa a través de las actividades del ciclo de mejora continua PHVA y gestionar de manera efectiva el apoyo requerido como organización para garantizar la evolución positiva del estado de salud Resolución 3050 de 2022.	COMPLETADA	MEDIA	2025-12-05 00:00:00+00	\N	4	2	1	{"nit": "890807724.0", "linea": "L\\u00ednea Prevenci\\u00f3n y Gesti\\u00f3n del ATEL", "programa": "Programa Estilo de Vida Saludable", "componente": "Estandarizaci\\u00f3n", "actividad": "Asesor\\u00eda en medicina preventiva y del trabajo", "ciudad_desarrollo": "Manizales", "detalle_actividad": "Asesorar la implementaci\\u00f3n del PRIC programa permite alinear el manejo de los casos de accidente o enfermedad laboral que se puedan presentar en la empresa a trav\\u00e9s de las actividades del ciclo de mejora continua PHVA y gestionar de manera efectiva el apoyo requerido como organizaci\\u00f3n para garantizar la evoluci\\u00f3n positiva del estado de salud Resoluci\\u00f3n 3050 de 2022.", "entregables": "Informe de Prestaci\\u00f3n de Servicios / Informe tipo A", "tipo_actividad": "Asesor\\u00eda", "nro_os": "1656849.0", "horas_asignadas": 4, "horas_pendientes": 0, "dis_responsable": "Alejandra Tellez", "asesor_asignado": "Otoniel", "observaciones": "Ago 4(2H). SE ACORDO QUE SERA FIRMADA POR LA EMPRESA Y SE TERMINARA CON REVISION DOCUMENTAL) / FACTURADA(2H-20/05/2025)", "fecha_final": "2025-12-05T00:00:00", "fecha_asignacion": "2025-03-07T00:00:00", "empresa": "TELECAFE LTDA"}	2025-09-16 03:49:49.515411+00	2025-09-19 16:24:44.005664+00
59	Asesoría en medicina preventiva y del trabajo	Asesoría en el Programa de Rehabilitación integral empresarial para la reincorporación laboral, incluyendo la gestión y seguimiento de Casos ATEL de los diferentes roles involucrados que por criterios técnicos de inclusión se encuentran capturados en el programa de rehabilitación integral de Colmena, su rehabilitación, reincorporación y cierre, hasta la definición de planes de mejora concretos del programa que permitan la retroalimentación sistemática de información en un ciclo de mejora continua para todos los actores que hacemos parte del programa.	COMPLETADA	MEDIA	2025-11-30 00:00:00+00	\N	4	2	1	{"nit": "900534488.0", "linea": "L\\u00ednea Prevenci\\u00f3n y Gesti\\u00f3n del ATEL", "programa": "Programa Estilo de Vida Saludable", "componente": "Estandarizaci\\u00f3n", "actividad": "Asesor\\u00eda en medicina preventiva y del trabajo", "ciudad_desarrollo": "Manizales", "detalle_actividad": "Asesor\\u00eda en el Programa de Rehabilitaci\\u00f3n integral empresarial para la reincorporaci\\u00f3n laboral, incluyendo la gesti\\u00f3n y seguimiento de Casos ATEL de los diferentes roles involucrados que por criterios t\\u00e9cnicos de inclusi\\u00f3n se encuentran capturados en el programa de rehabilitaci\\u00f3n integral de Colmena, su rehabilitaci\\u00f3n, reincorporaci\\u00f3n y cierre, hasta la definici\\u00f3n de planes de mejora concretos del programa que permitan la retroalimentaci\\u00f3n sistem\\u00e1tica de informaci\\u00f3n en un ciclo de mejora continua para todos los actores que hacemos parte del programa.", "entregables": "Informe de Prestaci\\u00f3n de Servicios / Informe Tipo A (por cada asesor\\u00eda realizada)", "tipo_actividad": "Asesor\\u00eda", "nro_os": "1636894.0", "horas_asignadas": 6, "horas_pendientes": 3, "dis_responsable": "Alejandra Tellez", "asesor_asignado": "Otoniel", "observaciones": "Ago 29(3H) / FACTURADA(3H-20/05/2025) Ago 1(3H.  Empresa no se conect\\u00f3)", "fecha_final": "2025-11-30T00:00:00", "fecha_asignacion": "2025-02-21T00:00:00", "empresa": "TRUJILLO GUTIERREZ Y ASOCIADOS SAS"}	2025-09-16 03:49:49.515411+00	2025-09-19 16:24:44.005664+00
61	Asesoría para el diseño y desarrollo del programa estratégico de Seguridad Vial - PESVial	Empresa: ESE HOSPITAL SAN VICENTE DE PAUL - Código: 0-PA-PGCIA-AC-292-2	PENDIENTE	MEDIA	2025-09-24 00:00:00+00	\N	5	24	1	{"nit": "800191101.0", "codigo": "0-PA-PGCIA-AC-292-2", "actividad": "Asesor\\u00eda para el dise\\u00f1o y desarrollo del programa estrat\\u00e9gico de Seguridad Vial - PESVial", "no_aut": "20426-6", "id_actividad": "683393.0", "mes": "AGO", "horas_asignadas": 4, "pendientes_registrar_app": 4, "eis": "Faride", "asesor": "Maria Jos\\u00e9", "estado_detallado": "Sin Programar", "observaciones": null, "fecha_autorizacion": "2025-08-25T00:00:00", "fecha_maxima_ejecucion": "2025-09-24T00:00:00", "fecha_asignacion": "2025-08-27T00:00:00", "empresa": "ESE HOSPITAL SAN VICENTE DE PAUL"}	2025-09-16 03:49:49.920576+00	2025-09-19 16:24:44.005664+00
62	Asesoría para el diseño y desarrollo del programa estratégico de Seguridad Vial - PESVial	Empresa: INDUSTRIA LICORERA DE CALDAS - Código: 0-PA-PGCIA-AC-292-6	PENDIENTE	MEDIA	2025-09-24 00:00:00+00	\N	5	23	1	{"nit": "890801167.0", "codigo": "0-PA-PGCIA-AC-292-6", "actividad": "Asesor\\u00eda para el dise\\u00f1o y desarrollo del programa estrat\\u00e9gico de Seguridad Vial - PESVial", "no_aut": "20426-3", "id_actividad": "682550.0", "mes": "AGO", "horas_asignadas": 4, "pendientes_registrar_app": 4, "eis": "Javier", "asesor": "Luz", "estado_detallado": "Sin Programar", "observaciones": null, "fecha_autorizacion": "2025-08-25T00:00:00", "fecha_maxima_ejecucion": "2025-09-24T00:00:00", "fecha_asignacion": "2025-08-26T00:00:00", "empresa": "INDUSTRIA LICORERA DE CALDAS"}	2025-09-16 03:49:49.920576+00	2025-09-19 16:24:44.005664+00
63	Asesoría y asistencia técnica para el diseño de estándares de seguridad para el control de tareas críticas y de alto riesgo (Trabajos en las alturas, trabajo en espacios confinados, trabajo en cali...	Empresa: INDUSTRIAS DUMAR S.A.S. - Código: 0-PA-PGCIA-AC-368-6	PENDIENTE	MEDIA	2025-09-24 00:00:00+00	\N	5	22	1	{"nit": "890802833.0", "codigo": "0-PA-PGCIA-AC-368-6", "actividad": "Asesor\\u00eda y asistencia t\\u00e9cnica para el dise\\u00f1o de est\\u00e1ndares de seguridad para el control de tareas cr\\u00edticas y de alto riesgo (Trabajos en las alturas, trabajo en espacios confinados, trabajo en cali...", "no_aut": "20426.4", "id_actividad": "683400.0", "mes": "AGO", "horas_asignadas": 5, "pendientes_registrar_app": 5, "eis": "Javier", "asesor": "Carlos", "estado_detallado": "Sin Programar", "observaciones": null, "fecha_autorizacion": "2025-08-25T00:00:00", "fecha_maxima_ejecucion": "2025-09-24T00:00:00", "fecha_asignacion": "2025-08-27T00:00:00", "empresa": "INDUSTRIAS DUMAR S.A.S."}	2025-09-16 03:49:49.920576+00	2025-09-19 16:24:44.005664+00
64	Asesoría para el diseño y desarrollo del programa estratégico de Seguridad Vial - PESVial	Empresa: PEOPLE CONTACT S.A.S. EN REESTRUCTURACION - Código: 0-PA-PGCIA-AC-292-3	PENDIENTE	MEDIA	2025-09-24 00:00:00+00	\N	5	23	1	{"nit": "900159106.0", "codigo": "0-PA-PGCIA-AC-292-3", "actividad": "Asesor\\u00eda para el dise\\u00f1o y desarrollo del programa estrat\\u00e9gico de Seguridad Vial - PESVial", "no_aut": "20426.2", "id_actividad": "683409.0", "mes": "AGO", "horas_asignadas": 2, "pendientes_registrar_app": 2, "eis": "Javier", "asesor": "Ana", "estado_detallado": "Programada", "observaciones": "2025-09-17 00:00:00", "fecha_autorizacion": "2025-08-25T00:00:00", "fecha_maxima_ejecucion": "2025-09-24T00:00:00", "fecha_asignacion": "2025-08-27T00:00:00", "empresa": "PEOPLE CONTACT S.A.S. EN REESTRUCTURACION"}	2025-09-16 03:49:49.920576+00	2025-09-19 16:24:44.005664+00
65	Asesoría en medición del desempeño del programa de gestión de la enfermedad laboral.	Empresa: TRANSPORTES IRRA S A - Código: 0-PA-PGPEL-AC-387-1	EN_PROGRESO	MEDIA	2025-09-24 00:00:00+00	\N	5	26	1	{"nit": "890804614.0", "codigo": "0-PA-PGPEL-AC-387-1", "actividad": "Asesor\\u00eda en medici\\u00f3n del desempe\\u00f1o del programa de gesti\\u00f3n de la enfermedad laboral.", "no_aut": "20426.5", "id_actividad": "683421.0", "mes": "AGO", "horas_asignadas": 2, "pendientes_registrar_app": 2, "eis": "Faride", "asesor": "Otoniel", "estado_detallado": "Sin Programar", "observaciones": null, "fecha_autorizacion": "2025-08-25T00:00:00", "fecha_maxima_ejecucion": "2025-09-24T00:00:00", "fecha_asignacion": "2025-08-27T00:00:00", "empresa": "TRANSPORTES IRRA S A"}	2025-09-16 03:49:49.920576+00	2025-09-19 16:24:44.005664+00
\.


--
-- Data for Name: users; Type: TABLE DATA; Schema: public; Owner: postgres
--

COPY public.users (id, email, username, full_name, hashed_password, role, is_active, company_id, created_at, updated_at) FROM stdin;
1	admin@tasktracker.com	admin	Administrador del Sistema	$2b$12$v/XPNGXw96ed8Ma6p4L7Ne3ee.RdZgBWM0JASNLGDGE5TDCeAuk1.	ADMIN	t	1	2025-09-16 03:49:45.30404+00	2025-09-16 03:51:06.924316+00
2	aletel56@colmena.com	aletel71	Alejandra Tellez	$2b$12$OIrm2VQ.X7i.j3Ohhotc3.Uj2bZZUFNtHGxGYcaPQvkfPWcv/q.Z.	USER	t	4	2025-09-16 16:42:23.264447+00	\N
3	ana82@colmena.com	ana87	Ana	$2b$12$vb8hnmRc0A8yCJ0cFzWJSu/HaGjy4WTB4CLlEcQ2qHmxhmYo3D5je	USER	t	4	2025-09-16 16:42:23.264447+00	\N
4	caredu12@colmena.com	caredu19	Carlos Eduardo	$2b$12$xtrMetHW50Rf0y0bf6qkW.GJJkqH5mKbjJJBzUHJ5VQmzwc1t8p86	USER	t	4	2025-09-16 16:42:23.264447+00	\N
5	cesmor47@colmena.com	cesmor46	Cesar Mora	$2b$12$AYy6ZLQMsW4daAdtMDdSyO2e7zgX5oiXbuZmBvFtSg3p/sEYDSoby	USER	t	4	2025-09-16 16:42:23.264447+00	\N
6	diana46@colmena.com	diana26	Diana	$2b$12$2Qn3z5vHoWJEDDJ3Ij1bkO5txR/PZCe.FHujxx9fSNHN0zTwcF0yO	USER	t	4	2025-09-16 16:42:23.264447+00	\N
7	erisos35@colmena.com	erisos26	Erika Sosa	$2b$12$2qr5LgNa7VS7abQGsjrh2.SIFFY5z3lItWRYMI6AOwAegSVsaQeAy	USER	t	4	2025-09-16 16:42:23.264447+00	\N
8	gisela65@colmena.com	gisela76	Gisela	$2b$12$4aKzhDlXdDHepDnHY4XJrO5VsOy3feRRSdLaKo5Y7gvA1UDJ5O8Ai	USER	t	4	2025-09-16 16:42:23.264447+00	\N
9	juldav88@colmena.com	juldav69	Julian David Chavarro	$2b$12$A/utXgqS0k0O5R668kSGwOT6EeC8EGhHi3hJRD2QDs/LsRSUvw/vq	USER	t	4	2025-09-16 16:42:23.264447+00	\N
10	karflo27@colmena.com	karflo70	Karen Florez	$2b$12$BDqY2VH3A6jkN99zA0miIOr.ddedO7XkiGi21zcjvf6buz0fL8X1.	USER	t	4	2025-09-16 16:42:23.264447+00	\N
11	laulor86@colmena.com	laulor88	Laura Lorena Romero	$2b$12$p4wpZtFR3giZWLmCpke/l./iBGOTCvq6UkGYxvewgi6pxnw2DcVWq	USER	t	4	2025-09-16 16:42:23.264447+00	\N
12	luidia62@colmena.com	luidia75	Luis Diaz	$2b$12$4qMAHGX2LNV.7AaRdkYBjuFnH/NAufzla6IHI3UCbJ0VPy9o8.CkG	USER	t	4	2025-09-16 16:42:23.264447+00	\N
13	luz43@colmena.com	luz42	Luz	$2b$12$UDBTePxN4UVtpjXfJNhaDu6ZlATwts8Bg1.cGF5g0J0eGxc8njAxm	USER	t	4	2025-09-16 16:42:23.264447+00	\N
14	manuel47@colmena.com	manuel49	Manuela	$2b$12$HAqKAtRi1mTuUPfhoDm/vO4FUiPxWX38at7GBwN4bPBPEv9zTeneO	USER	t	4	2025-09-16 16:42:23.264447+00	\N
15	marjos17@colmena.com	marjos79	Maria José	$2b$12$F7nbuuBA0Jc69qy.8WEZT.FScaERhHY/nM6UGM6XQNspHRM58/o6.	USER	t	4	2025-09-16 16:42:23.264447+00	\N
16	marqui22@colmena.com	marqui83	Maria Quijano	$2b$12$oDWb5VXWqLZVjw65swHdye5/81wU80SzaG4vHDaJ8XKbxXX19hVES	USER	t	4	2025-09-16 16:42:23.264447+00	\N
17	marfpr36@colmena.com	marfpr89	María FPrieto	$2b$12$XTq.FpDa/GilDubC1rMwXeqybr7897foc52WsFKgOFREAFnH60h2G	USER	t	4	2025-09-16 16:42:23.264447+00	\N
18	natara58@colmena.com	natara57	Natalia Aranzazu	$2b$12$xirH2AYCkBZmVfrIy7FznO4GOgxLx3BuV1YcaOETYBT.1s75L/wyq	USER	t	4	2025-09-16 16:42:23.264447+00	\N
19	omadav88@colmena.com	omadav89	Omar David Loaiza	$2b$12$s0.ZaazriP1UpLTfc6bdTOdD5W1yHTEmWvRDYCZC8BCjwfLQNj8rK	USER	t	4	2025-09-16 16:42:23.264447+00	\N
20	otonie51@colmena.com	otonie63	Otoniel	$2b$12$ZThDJiX74X/9MBCn0uqdhO5nAhcie4PUqmkyzibvFnjlsmSdI3fFa	USER	t	4	2025-09-16 16:42:23.264447+00	\N
21	simvan60@colmena.com	simvan22	Simon Vanegas	$2b$12$eLfuJbWFUuBx7mzBrC7S..vD5U5uvWMMwPwFLnmwRw2hi3hepT6s2	USER	t	4	2025-09-16 16:42:23.264447+00	\N
22	ana24@positiva.com	ana71	Ana	$2b$12$NgKl3mjotm4goCJR6cU/XusKkcZEFbldtY.oHscGojx2qLP5hXmm2	USER	t	5	2025-09-16 16:43:00.431217+00	\N
23	carlos94@positiva.com	carlos20	Carlos	$2b$12$TRqW6dicU.g7FsW5lH/lv.Tg774nENAl2lkxviCgewbWsrDUxCd0W	USER	t	5	2025-09-16 16:43:00.431217+00	\N
24	luz76@positiva.com	luz23	Luz	$2b$12$GEUgzEvO.mkSXro4B6v24uPSP4N1kK3L0Q5ZoyCd8X1FdzZQX.yne	USER	t	5	2025-09-16 16:43:00.431217+00	\N
25	marjos94@positiva.com	marjos64	Maria José	$2b$12$MyfThssui6O4.hBGh4Kt1OGF6e7AQAMc/LwtZCpQAzfSkHgEsP9Fy	USER	t	5	2025-09-16 16:43:00.431217+00	\N
26	otonie43@positiva.com	otonie71	Otoniel	$2b$12$LjQDSurU8s46cGqOWFhsx.vEH6yxEcTHZpscIOQQhUCVT4YHfmjvC	USER	t	5	2025-09-16 16:43:00.431217+00	\N
\.


--
-- Name: companies_id_seq; Type: SEQUENCE SET; Schema: public; Owner: postgres
--

SELECT pg_catalog.setval('public.companies_id_seq', 5, true);


--
-- Name: tasks_id_seq; Type: SEQUENCE SET; Schema: public; Owner: postgres
--

SELECT pg_catalog.setval('public.tasks_id_seq', 65, true);


--
-- Name: users_id_seq; Type: SEQUENCE SET; Schema: public; Owner: postgres
--

SELECT pg_catalog.setval('public.users_id_seq', 26, true);


--
-- Name: alembic_version alembic_version_pkc; Type: CONSTRAINT; Schema: public; Owner: postgres
--

ALTER TABLE ONLY public.alembic_version
    ADD CONSTRAINT alembic_version_pkc PRIMARY KEY (version_num);


--
-- Name: companies companies_pkey; Type: CONSTRAINT; Schema: public; Owner: postgres
--

ALTER TABLE ONLY public.companies
    ADD CONSTRAINT companies_pkey PRIMARY KEY (id);


--
-- Name: tasks tasks_pkey; Type: CONSTRAINT; Schema: public; Owner: postgres
--

ALTER TABLE ONLY public.tasks
    ADD CONSTRAINT tasks_pkey PRIMARY KEY (id);


--
-- Name: users users_pkey; Type: CONSTRAINT; Schema: public; Owner: postgres
--

ALTER TABLE ONLY public.users
    ADD CONSTRAINT users_pkey PRIMARY KEY (id);


--
-- Name: ix_companies_id; Type: INDEX; Schema: public; Owner: postgres
--

CREATE INDEX ix_companies_id ON public.companies USING btree (id);


--
-- Name: ix_companies_name; Type: INDEX; Schema: public; Owner: postgres
--

CREATE UNIQUE INDEX ix_companies_name ON public.companies USING btree (name);


--
-- Name: ix_tasks_id; Type: INDEX; Schema: public; Owner: postgres
--

CREATE INDEX ix_tasks_id ON public.tasks USING btree (id);


--
-- Name: ix_users_email; Type: INDEX; Schema: public; Owner: postgres
--

CREATE UNIQUE INDEX ix_users_email ON public.users USING btree (email);


--
-- Name: ix_users_id; Type: INDEX; Schema: public; Owner: postgres
--

CREATE INDEX ix_users_id ON public.users USING btree (id);


--
-- Name: ix_users_username; Type: INDEX; Schema: public; Owner: postgres
--

CREATE UNIQUE INDEX ix_users_username ON public.users USING btree (username);


--
-- Name: tasks tasks_assigned_to_fkey; Type: FK CONSTRAINT; Schema: public; Owner: postgres
--

ALTER TABLE ONLY public.tasks
    ADD CONSTRAINT tasks_assigned_to_fkey FOREIGN KEY (assigned_to) REFERENCES public.users(id);


--
-- Name: tasks tasks_company_id_fkey; Type: FK CONSTRAINT; Schema: public; Owner: postgres
--

ALTER TABLE ONLY public.tasks
    ADD CONSTRAINT tasks_company_id_fkey FOREIGN KEY (company_id) REFERENCES public.companies(id);


--
-- Name: tasks tasks_created_by_fkey; Type: FK CONSTRAINT; Schema: public; Owner: postgres
--

ALTER TABLE ONLY public.tasks
    ADD CONSTRAINT tasks_created_by_fkey FOREIGN KEY (created_by) REFERENCES public.users(id);


--
-- Name: users users_company_id_fkey; Type: FK CONSTRAINT; Schema: public; Owner: postgres
--

ALTER TABLE ONLY public.users
    ADD CONSTRAINT users_company_id_fkey FOREIGN KEY (company_id) REFERENCES public.companies(id);


--
-- PostgreSQL database dump complete
--

\unrestrict hmtMbAwdbEr726yNBQUgQGF5ReHa45mVkkb4eHeEKevMPvCDb0i2OysOxaT0Q1D

